id,store_id,store_name,content
1,16260074,사형제횟집,사형제스페셜 주문해서 먹었는데 너무 만족스럽습니다. 정말 맛있어요!반찬들이 너무 잘 나오고 맛있어요 가성비 짱이에요 제주도민이 인정하는 맛집제주에 살아서  횟집을 잘 가는편인데횟집이 다 그집이그집인줄 알았는데 여긴 가성비도 좋고 사장님 손맛이 좋은건지 밑반찬도 다 맛있어요다음에는  고등어회에 도전해볼려고요나오는데 여긴 고등어회가 유명한가봐요아무생각없이 갔는데  꼭 기회되면 가보세요~~더보기
2,26552050,풍천만가,"최악입니다.불판도 안갈아주고 직원은 듣고도 도망가기 바쁘고.찌개는 안나오고 상추는 생고기위로 엎고 바꿔주지도 않고 장어에 소금도 대충 뿌리고 양념장도 안가져다주고 아.. 너무 많다. 질리네요더보기별 0개 없습니까?꼬리부분은 거의 태워서 딱딱하고 두께가 없어서 씹는 맛이 거의 없음. 차라리 폭x장어 가서 먹는게 훨 낫다고 봄.본론은 저희는 단체로 17명이 갔음.우리가 아니여도 개인 손님들이 결국 둘이가나 셋이가나 상차림 한상은 똑같을텐데 테이블 줄인다고 빽빽하게 4명씩 앉으라고 함. 친척들이라 각자 가족끼리 테이블에 3명 4명씩 앉으려고 했으나 못함.아무래도 너무 붙어 앉아 불편하니 테이블 하나 더 마련해달랬니 그냥 네명씩 앉으라고 함.그것도 웃으면서 한게 아니라 정색 때리고 겁나 야리면서 ㅡㅡ그러더니 안쪽에 음식 옮길때 좀 들어가달라고 짜증냄.자기들이 애초에 널널하게 일자로 상차려줬음 그럴 일 없는데 옆자리 다 비어있는데 굳이 굳이 구석탱이에 몰아놔서 그 사단이 남.전화로 예약해서 왔는데 우리가 앉으려는 자리가 이미 예약자리인데 우리때문에 기존 예약자 12명 홀로 옮겼다고 말함. 생색인가?우리가 강요한것도 아니고 그렇게 미리 좌석을 마련해놓고는 사람 뻘쭘하게 그런 소리는 왜하나?그래서 옆에 테이블 12명 앉을 자리 남아 있길래 그분들 그럼 여기서 드시게 하면 되지 않냐 했더니 됐다고ㅋㅋㅋ 어쩌라는거야ㅡㅡ그리고 포장 했더니 죄다 저렴한 반찬만ㅋㅋ홀에서 안먹으면 찌개, 부침개, 죽 안먹는게 수두룩인데 양념게장이고 뭐고 먹을만한 반찬은 쏙 빼고 풀떼기만 포장.최악중에 최악.두번 다시는 재방문 안함.악의적인 글이 아니라 사실만을 토대로 썼고 읽으면 대충 누가 어느 테이블에 앉았던 손님인지 직원은 알꺼임.더보기주차장 넓은거 말고는 그닥.모임으로 다녀왔는데 장어살이 너무 얇음.제주에 대체할만한 맛집 장어식당이 많음."
3,14683864,산지물 신제주점,변한듯요..물회와 뚝배기 맛있습니다. 특히 밑반찬 게장은 서울서 거금을 들여 사먹는 것보다 더 맛있어요. 사장님 친절 굿!!한치물회 맛있게 먹었습니다.
4,9124124,삼다향,"재방문의사가 없어서 할말 다 하고 갑니다.장인 장모님 모시고 갔는데, 서비스가 너무 최악이네요.주문한 고기는 도통 나올 생각을 안하고..아이들이 뛰노는데 제지하기는 커녕 종업원이 뜨거운 뚝배기그릇 옮기고있고.아이들이 실수로 건드려서 쏟을까봐 아찔하면서도 그 누구하나 제지하는 사람 없더군요.심지어 주문한 냉면은 주문도 안 들어가있었음.마지막 계산하고 나올 때도 아무도 신경 안쓰고계산해달라고 사정사정하니 계산해주더이다. 이게 맞아요?20만원어치 한 주문에 시켰는데, 이럴줄 알았으면 깨작깨작 시켜보고 중간에 그냥 나올걸 후회하고 갑니다.더보기고기가 어엄청 맛있다는 아니지만 찬도 고기도 깔끔하니 맛난 집.NoneNone소갈비 맛 있습니다.덕분에 저녁식사때 너무 과식을 했네요....!다음에 제주도 갈 일 있으면 또 가겠습니다...^^!"
5,7910666,삼대국수회관 신제주점,고기국수는 국물이 연해서 아쉬웠고 비빔국수는 비빔소스는 맛있는데 면이랑 따로노는 느낌이었어요.제주도를 1년에 5번이상오는데 무조건 고민 1도없이 오는곳. 진심맛집!!! 사장님도 친절하시고 음식도 깔끔하고 정말 너무맛있어서. 일부러. 이거먹으러 제주도오고싶은곳.
6,9522114,하귀바글바글가든,맛있어요!! 잘 먹었습니당가격도 저렴하고 양도 많아요여긴 갈비가 맛있어요반찬도 좋구요오래된 지역  맛집입니다
7,24065971,푸주옥 오라점,국물이 진국이네요. 몸보신 제대로 하고 갑니다.거지도아니고 말을 하면 대답좀하지 무슨 불만이 그리많은표정으로 서빙을 하는지 일하기싫음 퇴근을하시던가요 머달라고하기에 눈치보여서 갈수록 가관이네요
8,10428390,삼양장원,삼계탕 맛이 아주 괜츈했어요.찐맛집 오리구이집. 재방문의사★★★★★
9,25983838,삼춘이야기,좋아요 친절하고 번창하세요 ^^밑반찬 + 양념갈비가 맛있어요!! 숯불양념고기먹고싶을때 가족외식 자주 가는 곳 ㅎㅎ
10,564607774,푸주옥 도남점,넓은 주차장이 장점 입니다. 설렁탕 도가니탕을 먹었습니다. 냄새 안나고 양호합니다.NoneNone
11,20304084,꽃마름 제주이도점,너무 맛있어요!! 제주도 최고 샤브샤브 ㅠㅠ엄청 친절하세요몇번 포장해서 먹어봤는데  식당에서 먹는거랑 크게 다르지 않아요포장도 넘 깔끔하고 육수도 넉넉하고 포장하러 갔는데도 사장님 챙겨주시는 커피한잔! 너무너무 굿!!이에요^^None
12,1364166994,김용복참치,기대를 너무 많이 하고 갔나봐요...진심 최고~!!제주도에서 진짜참치의맛을 맛보고갑니다하나하나다맛있고  제주도민맛집같은데검색해서갔다가매우만족스럽게먹고왔어요더보기
13,17789013,샤브향 신제주점,야채에서 머리카락 나옴.. 동행인이랑 나랑 염색모라서 망정이지.. 염색 안했었으면 그냥 우리 머리카락인갑다 했는데 아님…샐러드바 없어요
14,10498610,서부두식당,"매년 이맘때 제주에 와서 보통은 바로 옆집식당을 가곤 하다가 가성비가 좋다는 리뷰를 보고서 처음 찾은 집인데, 갈치조림과 회덮밥을 시킴. 갈치조림의 양념은 괜찮았지만 갈치 자체가 약간 단맛이 덜하고 뭔가  냉동 갈치를 먹을 때의 그런 느낌이 나서 실망. 회덮밥은 나름 괜찮았는데, 이거야 뭐 원래 어디서든 회만 괜찮으면 평타는 치는 메뉴라서...삼치회 고등어회 나오는 모듬 소자, 성게국 시켰는데 셋다 맛있었음막 구워서 나온 갈치구이도 서비스로 줬는데 싱싱해서 냄새 안나고 좋았다다만 테이블이 좀 끈적거리고 숟가락에 뭐 묻어있어서 위생이 좀ㅜㅜNone도민맛집이라고 해서 갔는데 회 푸석거리고 별로였음.. 직원들 마스크안쓰고 노래부르고 다님 갈치조림만 괜찮았음"
15,9672357,김명자굴국밥 제주본점,"그냥 아무생각없이 혼밥하러 갔다가 진짜 맛있게 먹고 나왔습니다.. 굴국밥 체고 좀더 미리 알았으면 떠나기전에 한번 더갔을듯,,None리뷰대로 굴 양 많고 친절하시고 음식 맛 깔끔. 부추무침이 맛있음! 매생이국은 어떨지 궁금해짐. 참고로 굴국밥은 밥 말아져나오는 거고 굴해장국은 밥 따로 국물 따로인 메뉴임.NoneNoneNone굴에 대해 딱히 호불호가 없었는데 여기서 굴국밥 먹고나서는 계속 생각나요."
16,10494382,서우봉가든,열여덞.............거짓말쟁이들
17,25559208,본가 제주아라점,예전보다 양이 엄청 적어짐.불친절
18,8361656,서울식당,"그냥저냥...생갈비, 양념갈비 모두 맛 좋습니다. 저녁 9시 마감이 좀 아쉽습니다.근막붙어있는 고기가나옴"
19,13101425,서흘포가든,항상 포장해서 먹는데 넘 맛있어요 !주문하지도 않은 막걸리를 계산할때 넣질 않나 서비스는 엉망입니다......포장도 손님이 직접하라고 그러네요....ㅎㅎ고기정말정말 맛있네요식당도넓고 바다뷰도 좋코주차장넓고 너무맛있게 먹었어용도민맛집인정
20,1020194683,푸른밤의해안속초식당,"도대체 미원을 얼마나 넣은 건지...2박3일 제주 여행중에 제일 맛있었습니다.갈치조림, 갈치구이 최고였어요.깨끗하고. 친절하고 갈치조림ㆍ고등어ㆍ동태ㆍ각제기 ㆍ멜국자연산회 정말 맛있어요"
21,10208256,길림성,"냉국수에서 밥풀나옴 ㅋㅋㅋㅋㅅ  ㅣ브렠ㅋㅋㅋㅋㅋ볶음밥은 겁나 짜ㅡㅡ맛없음삼선짬뽕 포장했는데 엄청 친절하시고 해물 종류도 많아요! 맛도 깔끔하니 좋아요.모든 메뉴가 중간이상 하는거 같은데, 특히 황궁쟁반짜장과 냉우동이 맛좋음."
22,1760651931,선장과해녀,"안좋은 리뷰가 많아서 걱정했는데 친절하고 양 정말 많고 회도 갈치, 고등어, 도다리, 참돔, 우럭, 광어 전부 하나도 안비리고 적당히 달고 스끼다시도 손 안가는 반찬 없이 다 맛있고 만족했어요! 아쉬운게 딱 하나 있다면 지리탕이 다소 짜요우영우에서나온횟집이네요가격대비 글쎄요..메인이 쓰레기"
23,11124589,섬횟집,전복죽에 생전복을 얹어 주었네요.지대로 비린맛 때문에 버림여사장님께서 처음 뵈었음에도 불구하고 신경 많이 써주시고 배려 해주셔서 더 맛있게 밥도 먹고 기분도 좋았습니다 ~~고맙습니다 ~~ ^ ^
24,2090707445,구좌읍세화 월정리그때그집,맛은 있으나 딱 9천원 브랜드 마인드맛있어요~10시오픈이라는데 11:20분쯤 흑돼지세트 2인 5만9천원 시켰더니 귀찮아하는 기색이..9천원 김치찌개 무한리필 인기가 많아서인가 고기구워먹는 손님은 별로 환영안하는 눈치임.흑돼지오겹살은 괜찮았는데 상추가 물러져서 좀 그랬음.관광객보다는 동네 토박이 손님들에게 좋은 곳인듯 우리는 관광객티가 너무 났는지??더보기
25,15678896,소라횟집,"괜찮게 잘나오네요 회나오기전에도 푸짐하게 나옵니다.왜 3.5인지 모르겟네요 돌돔 시켯는데 뽈살챙겨주는집 몇 못봤는데여긴 챙겨주시네요더보기NoneNoneNone나름 혜자소일때문에 여러차례 식사하러 갔는데,   갈때마다 신선하고 맛있습니다..  고등어회? 갈치회? 서울에서 의아해했던 종류의 회들도 매끄럽게 소화할 수 있을만큼 맛있어요..백김치는 지금까지 먹어본거중 베스트 3에 꼽을만큼 맛있고.. 고구마튀김도 맛있고..마지막 매운탕까지도 일품입니다..  여기 정말 추천입니다.더보기"
26,1709133718,손맛촌,맛있어용 ~♡맛있어요 갈치 살도 많고 부드럽고 고수해요 아주 기본 반찬도 맛있고 좋았어요깔끔하게 잘 나오는 편 갈치구이 갈치살도 많았고 잘 구워져서 맛있게 잘 먹음
27,2132953481,별오름 노형점,"저장고기도 만족스러운데, 밑반찬(+셀프코너)과 사이드 메뉴들도 다 맛있습니다.최고에요!"
28,8874256,낭뜰에쉼팡,우연히 찾았다가 맛있었습니다 ㅎ정식과 돌솥 비빔밥 들깨 수제비를 시켜서 4명이 먹었는데 넘 맛있어서 하나도 남김없이 다 싹쓸이 했어요. 서빙하시는 분들 친절하세요. 두번째 방문이었는데 여전히 맛있어서 감사하더군요. 강추합니다.맛잇네요^^ 이가격에 아이랑 같이 맛잇게 먹엇어요~~ 간도 심심해서 아이랑 먹기 좋은거같아요 에코랜드 숙박인데 먹을게없어 나왓는데 7시50분 주방마감하니 일찍오세요ㅎㅎ
29,8155723,홋카이도,제주에서 맛 보는 준수한 일식집since 1996맛있고 친절하고 모든것에 만족하고고맙습니다날로 번창하길 기원합니다
30,461013758,김지순의낭푼밥상,"몸국 짱맛첫맛과 끝맛이 다른 느낌이 신기했어요.그리고 숟가락,젓가락도 종이로 감싸서 준비해주는게 진짜 대박.위생좋아요더보기None무난하고 건강한 밥상의 맛이다~ 정식에 나온 오징어초무침이 새콤달콤하게 입맛을 돋우어 줘 정말 맛있게 먹었다!"
31,8392314,숨비소리횟집,제주 바다보이는 횟집을 원할때가는 곳가성비는 별로...원래 가려던 곳이 문을 닫아서 그가게 옆집에 계시던 분이 추천해주셨습니다. 결론은 대 만족! 곁들임 반찬도 신선하고 맛있고 해산물도 다양했습니다. 회도 맛있었구요. 부모님이 아주 맛있게 드셨습니다.
32,1356081704,스시앤,"절대 추천하지 않습니다. 아니요, 절대 가면 안됩니다. 런치 1인 7만원 코스로 이용했습니다. 저는 비록 7만원을 길바닥에 버린것과 같지만 다른분들은 버리지 않으시도록 리뷰 작성합니다. 1. 스시 니기리를 제대로 할 줄 모릅니다. 본인 손에 밥풀 묻힌채로 손님에게 스시를 줍니다. 그리고 몇번이고 밥풀을 떼고 떨어뜨리고..니기리하고 난 손자국투성인 스시의 모양은 못생기기 짝이없습니다. 2. 엄청 산만합니다. 스시는 쥐다 만 채로 손에 들고 이리갔다 저리갔다..그리고 오마카세를 즐겨본 사람들이 오는곳이 아닙니다. 같은타임 사람들이 유튜브보기, 전화하기, 자리비우기, 지각, 그리고 초장을 달라고합니다.총체적 난국입니다. 3. 첫번째 좌석 바로앞은 싱크대 입니다. 싱크대 앞에서 스시를 먹게됩니다. 4. 숙성된 회라고 하는데 모든 회 맛이 똑같으며 입에 들어가면 눅눅함이 느껴지고 모든회 식감이 해동이 많이된 참치라고 생각하시면 됩니다. 제주도만의 특별한 오마카세일꺼라 기대한다면 엄청난 오산입니다. 5. 깨를 사용할때 위잉 소리를 내며 전동깨갈이를 씁니다. 오마카세인지 여기가 회전스시인지 알수없습니다. 분위기도 즐기고 싶은 사람은 엄청나게 거슬리는 포인트입니다. 6. 밥양이 미쳤습니다. 진짜 줄여달라고 몇번을 말해도 안줄여줍니다. 손님한테 집중을 안하는건지 ..충격적인 밥양 사진 첨부합니다. 밥양이 얼마나 많으면 회가 떠있습니다. 입에 넣으면 밥맛밖에 안느껴집니다. 이마저도 죽처럼 질퍽해서 김밥먹은것 같습니다. 7. 디저트는 시판 오설록 녹차 아이스크림 입니다. 여느 오마카세 집에서 나오는 특별한 디저트라고는 생각하기 힘듭니다. 8. 오마카세의 즐거움중 하나인 앵콜스시가 없습니다. 이건 뭐 서비스 차원이니 그려려니 할 수 있고 사실 맛있는 스시가 없었기 때문에 오히려 안먹고 싶었습니다. 9. 재료. 장어스시 안나옵니다. ""아나고""가 나옵니다. 제주도에서 그렇게 많이 잡히는게 전복인데 구성에도 없네요. 7만원 코스인데 전복없고 아나고라...맛도, 분위기도 이 가격을 지불하고 먹을곳이 아닙니다. 오마카세가 유행이다보니 급조된 가게라고 생각합니다. 전문성이 현저히 떨어지는 집입니다. 부디 셰프님 본인이 만든 스시 드셔보시고 육지에 이름좀 있는 오마카세집 가서 드셔보시고 비교해보시길 바랍니다. 제주도에서는 회는 그냥 수산시장에서 먹는게 답인것같습니다.더보기엄마랑 처음 가본 오마카세집이렇게 대접 받는것도 처음이고사장님도 정성스럽게 설명 잘 해주시고밥먹고 속이 이렇게 편한적도 오랜만이에요진짜 좋음더보기"
33,26419688,내고향해장국 노형점,만원으로 가격 인상되었는데도기본 선지 양은 더 적어지고세사람이 선지 리필했는데그릇 하나에 선지 한덩이 더 주는건 뭔가요육지에서 온 지인들 데리고 갔다가다들 할말을 잃었네요더보기정말 최고의 해장국집입니다. 선지를 원래 안좋아하는데 여기 선지는 말랑말랑하니 식감이 좋습니다. 국물도 깨끗하고 좀 얼큰하지 않지만 마늘을 넣으면 얼큰하고 깨끗하니 맛있습니다.이 가게는 커피자판기가 없어서 좀 의아 했는데 동치미 국물이 이제까지 먹어본 동치미 국물중에 최고였어요. 해장국을 먹고 동치미 국물로 입을 헹궈주는 느낌입니다. 동치미 국물 가득 한그릇 더 떠서 먹었네요!!더보기옛날 미풍 본잠과 제일 비슷한 맛
34,906246598,평대전복,애매한 시간에 가서 그런지 웨이팅 없이 먹었어요!탁 트인 바다 앞에 있어서 뷰가 좋고전복돌솥이랑 뚝배기가 완전 맛있습니다!!전복밥과 물회 맛있게 먹었네요. 물회의 단맛이 설탕맛이 아니라서 쥔장에게 물었더니 사과를 기본으로 쓴다네요. 음식 깨끗하고 쥔장 친절하고~ 강추에요.
35,21491221,하늘채가든,여기서 오리고기를 먹고 다른 오리고기는 못 먹게 됐습니다 짱 맛있어요 인생맛집 제주도 필수코스 갓다오고니서 맨날 추천함옛날에 비해 반찬수도 줄어들고 맛도 없고... 서비스는 최악.... 코스 시켰는데 계속 내가 뭐달라뭐달라 목청높로 불러야하고.. 예전 맛이 안나니 이제 안녕해야겠네요오리탕 아주 좋아요~^^
36,18233308,혼참치,맛 평타이상은치고 동네식당치고는 제법 고급스런 분위기도 납니다한가지 아쉬운건 주차장이 따로없고 주변이 다 식당가라.. 주차자리 찾기가 번거롭습니다별이 한개라니~~ 참치를 좋아하고 즐기시나요~~ 참치 드시러가면 질감이나 두께 먹는 부위에 대해 알고서 별 한개를 주시나 싶네요 제주도에서는 최곱니다 참치는 맛없음으로 표현하는 음식도 아니고 인터넷으로 표현 하는 음식도 아님  일단 먹어 보면 그래도 이정도는 나와야지 함
37,620127173,신창흑돼지두루치기 신창점,일단 가성비 굳친절하시고 깔끔히며 맛도 좋습니디두루치기 양도 넉넉하고 간이 쌔지 않아서 저녁에 먹어도 부담 스럽지 않아요두루치기는 안땡겨서 보말칼국수랑 검은콩국수 먹었어요.다른 곳에서 보말칼국수는 여기서 처음 먹어보는데 너무 맛있었어요. 콩국수는 짭조롬하게 기본 간되어 나오고 소금/설탕 도 따로 주십니다. 꾸덕하고 조금은 거친듯한 콩 알갱이가 아주 매력적이에요. 둘 다 싹 완그릇했습니다.리뷰 그대로에요. 맛있고 정갈하고 친절하고. 값도 적당하고. 화장실도 깨끗해요. 방문 적극 추천이요.
38,8810412,금보식당,1점도 아깝네요.애들둘하고 넷이갔는데 광어회만 먹는딸땜에 광어회시켰더너 12만원짜리로하래서 주문했더니 광어뱃살을 안주셔서 물어봤더니광어는 뱃살이 없다네요.말인가요?방구인가요?누구를 바보로아는지.헐...가르치듯  훈계까지여행첫날 기분망치기 시러서 냅두고 먹는데다음 주문한사람꺼 들고가다 눈마주쳐서 봤더니거긴뱃살이 떡하니 있더라구요.당황스러운지 그건 윗뱃살이고 기름기많아서 안좋은부분이라면서...저희꺼는 미리떠놓은 회를 아마 주신듯요.신선도 제로에 뻔뻔한 사장님 행동에 절대가지 마셔요기분망치고 비싼돈 지불하고~~절대가지 마셔요더보기제주 첫날 다른집 갈치조림이 매진되서 이곳으로 왔는데 생각보다 괜찮았어요 양념이 좀 강해서 제 취향이었거든요 무도 푹 졸여지고성게미역국 별하나도 아깝습니다. 주인아저씨가 성게 양 많이 넣었으니 밥 말아먹어야 맛있다고 말하심. 성게 미역국 가격에 깜짝 놀랐지만 작은 성게 양에 더 놀라고 너무 짜고 너무 뜨거워 생수타서 먹었어요. 아래 리뷰보니 너무 꺼리찜하네요. 다 남겼어요.
39,10398560,밥이보약,"1인은 안받는 문전박대 밥집, 애정하는 가게였는데 이제 안가렵니다. 비오는데 버스90분타고 겨우 도착했는데 1인은 안받는다고ㅠㅠ;; 매장에 두사람먹고 있었는데 11시30분이 바쁜시간대라며 안바쁠때 한가할때 다시 오라뇨??;; 비맞고 멀리서 찾아온 배고픈사람 문전박대 하시는건 아니죠. 미안하단말씀도 안하셨어요! 밥보사장님, 그건 아니신것같네요. 한가할때 두세시쯤가면 재료소진이라고 나가라하실거죠?더보기"
40,8115948,파라다이스회관,"식당이 엄청넓어요.정말 친절하시고 음식이 훌륭합니다.반찬도 정갈해요.우x해장국 등 유명가게에 비해 오히려 음식이 좋아요. 쓸데없는 긴 대기도 없고 너무 좋아요.더보기None지인소개로 다녀 왔어요.  고사리는 개인적으로 별로 안좋아했는데, 100%제주산 이라고해서 먹어보니 넘 담백하고 식감이 최고 였어요. 몸국하고 고등어구이도 정말로 맛있어용. 먹다보니까 사진을 못찍었네요. 담에는 꼭 사진을 찍어서 올릴께요강추합니다^^지인소개로 방문했어요깔끔한 밑반찬에 놀랬어요. 고사리육개장도 맛이 고급스러워요.여행  오셨다면 반드시 한번 들리세요.강추합니다"
41,8660527,아름가든,음식이 좀 짜지만 구성도 알차고 맛있음. 다만 일하시는 분이 한국어를 못하셔서 의사소통이 조금 어려움
42,10893290,투망,배민 리뷰가 지나 이렇게라도 작성하는 리뷰입니다.사장님(?) 증맬 잘 생기신 부분...🥲❤️ 이날 딱새우가 품절이라 다른 곳과 함께 배달 시켰지만 오뇸냠 맛있게 먹었습니다.김과 함께 먹으면 고등어 회의 맛이 붐붐‼️가지마세요 후회합니다어느 하나 지나갈 수 없는 풍성한 상차림.이 자연산 회에 죽이는 식감.주인 여사장님에 후한 인심.뭐 하나 아쉬움이 없는 저녁 식사였네요.진짜 맛나게 제주의 첫 저녁식사 했네요.더보기
43,8157423,홍소반,"동네주민 추천 로컬 맛집!!! 고등어구이랑 접시고기만 먹어도 하나도 안 아까워요. 정식 14,000원에 퀄리티 쩔어요. 안 달고 안 짜고 맛있음. 상추 깻잎 밭에서 방금 따온줄. 국은 조금 싱거웠는데 날마다 다른 국 나오는 것 같고 곁다리라 안 중요함. 재방문의사 많음.맛있고 친절한데 별로 유명하지 않은,, 나만 알았으면영업시간이 짧아서 너무 아쉬울 정도로 맛있어요. 정갈한 반찬과 그릇도 예쁘고 물대신 주시는 차도 너무 맘에 들어요반찬간도 슴슴해서 맛있어요 대박나세여"
44,8560620,통영아귀찜,"해물이 많이 들어가 푸짐했어요,"
45,8563496,토끼와거북이,"단체예약으로 인해서 착석 불가하다는 사전안내 일절없이 미숙한 직원의 오안내로 착석 후 다른 직원이 와서 자리없다고 쫓아냄 싸가지가 바가지임 아무리 코로나 신경 안쓴다지만 직원들 하나같이 마스크 쓰는 사람도 없었음 추천하고 싶진 않아요. 음식이 맛있더라도 기본이 안되있음단체 전용식당,  일반손님은 개차반취급, 개불친절 다시는 안간다음...그저 그래요통갈치구이 2인, 오분자기뚝배기, 성게국, 공깃밥 1개88,000원 나왔네요"
46,8855364,노형순창갈비,여기 짝퉁아님?ㅡㅡ 맛 개떡같네연동에 순창갈비 가세요이곳은 최자로드에 나온 '순창갈비'가 아닙니다..단맛은 하나도 안느껴질뿐더러 곱창 양도 없고.. 가격대비가 아니라 전체적인 맛이 너무 별로였습니다.. ! 제주여행 마지막날 마지막음식이었는데 실망만 가득안고 나왔네요. 감히 최악입니다.
47,12976979,안다미로,"직원 불친절. 또 가서 먹고싶은 맛은 아님. 평범.전체적으로 간이 다 밍밍했고 바꿔말하면 건강한맛이었어요  찍어먹는 소스라도 맛있었으면 좋았겠어요  직원 분들은 매우 친절했어요4인가족이서 코스 시켜서, 정말 배부르고 맛있게 먹고 왔어요. 샤브샤브가 참 부드럽고, 라면사리 넣어 끓이는것도 별미였어요. (청양고추가 있었으면 더 좋았을 것 같아요 ㅎㅎ) 죽도 제 취향으로 맛있었어요. 밑반찬도 괜찮았어요.제주 다시 들르게 되면 꼭 다시 오고 싶어요. 감사합니다.더보기"
48,26491280,흑소랑,평소먹던것과 다른 우유맛? 소고기둘이 갔는데 호불호 갈림비싼데 너무너무 맛있어요 인생한우흑우보양탕은 그냥 한우갈비탕보다 맛이없다 고기도 질기고 괜히왔다는 생각이 들었다 음식이 전체적으로  성의가 없었다  다시는no
49,17599331,바다풍경,"간장게장 선물 받아서 먹어봤는데 하나도 안 비리고 이렇게 안 짜고 맛있는 게장은 처음입니다! 또 시켜 먹고 싶어요절대 가지마세요.메뉴 갈치.고등어회싯가90.0001.횟집이 생선이 신선치않음 ( 미리 썰어놓은거 꺼내놓음)2.생선맛이 질김3.흐들흐들,,질기기까지4.먹을반찬 1도없음한국인 1위반찬 김치조차싸구려 중국산저렴맛 김치풋고추 한입 베물고 ., 말았음먹을거 리얼없었음5.서비스빵점(주차 최악: 관리신경도안씀)6.더워서 입맛도 싹 가심7.죽이라고 나오는데먹다 남은 공깃밥대충 조미료.전복몇 나부랭이. 냄새.무늬만넣어나옴(햐~~집에서 이케 안먹는데..)너무하다 이집.자기들은 먹으려나*_허기져서 다른곳으로 와서 맛나게 배채움**이걸 음식이라고 9만원씩이나 받고,타지에서 뱡기까지 온 귀한손님을이런식으로 장사를 하다니이시국에..이메뉴 빼세요.더보기"
50,17705811,양푼왕갈비,"매운 갈비찜은 첨 먹어보는데 매콤한 양념에 부드러운 고기가 잘 어울리며 입맛을 돋운다. 계란후라이를 셀프로 해 먹을 수 있어서 더 좋다. 사장님도 친절하심.쪼릴수록 맛남약간 매운맛이 괜찮은듯해요.전복은 별도로 시켰고, 살짝 익혀먹으면 야들야들합니다. 주차는 4대가능하지만 대부분 차있어서 어려움."
51,27526581,어가,이게 음식인가?너무 과대평가되어 별한개갈치구이 괜찮았고 구이보다도 조림이 맛있었어요 감자특히 맛잇음 무는 좀더 부드럽게 조리되면 좋을것같아요 게장도 괜찮았어요
52,11822101,어림향,와드코스 종반에 나오는 무슨 머리 조림?의 양념이 리얼 우주의 맛임... 특히 무회전문 영업을해서 초밥은 판매하지 않는다고 하시네요.초밥 드실분은  저 같이 헛걸음하시지 마세요사장님도 빠른 메뉴수정으로 손님들의 소중한 휴가시간 낭비하지 않게 조치 해주시고요아 그리고 간판에 초밥 글귀도 빨리 지우세요.더보기
53,1270903108,어머니와장독대 노형점,할많하않컴플레인 넣으니배우는 중이랍디다묵은지 돼지 두부김치찜 맛잇당예전에는 손님 모시고가면돔베고기수육. 밑반찬이 맛있었는데지금은 좀추천하지 못하겠네요뷔페.돌잔치로만  손님 받을려고 하는건가요?더보기
54,1790095504,군족 삼화점,@wuupick 이 보증합니다.보쌈은 당일 만든게 아니구나.. 싶은 그런 맛이었는데족발은 방금 만든것 마냥 야들야들 촉촉 맛있다!보쌈<<<<<<<<<<족발주문한지 1시간 지나도 배달 자체도 안되고 사전 양해도 없었고.식사 기분 더럽게 만들고.라이더가 배달 출발했다고 사기나 치고.
55,10411462,바다잔치,관광객 장사라는 후기 보고 기대하지 않고 갔는데 좋음. 주인 아주머님 넘 친절하심. 옥돔지리 시켰는데 옥돔은 뼈가 단단하다며 조심해서 먹어야한다고 말씀해주시고 밑반찬에 나온 오댕을 따뜻하게 데워주셔서 더 맛있었음. 친절하셔서 또 가고 싶음쥐치조림 맛있어요!!None나 초딩때부터 가족들하고 다녔던 맛집임 언니랑 나랑 어릴때뷰터 고등어구이 절대 안먹었는데 여기서 먹고 맛있어서 그 후로 생선편식 사라짐 지금은 신제주로 이사가서 옛날만큼 맨날 먹으러 다니지는 못하지만 자주다님 ㅠㅠ 구제주 갈 일 생길때마다 가눈둣…… 다른 메뉴도 전부 진짜 맛있고 일단 신선함
56,9828456,바다예찬,직원이 불친절 끝판왕. 단체손님온다며 손님을 쓰레기 취급해서 몹시 당황 ㅎ일단 직원분들 무뚝뚝하시고 기본 매너 없으심. 물회는 맛도 너무 별로... 비쥬얼만 좋음. 제주도에서 먹은 물회중 제일 별로임
57,7997989,어우늘,음식 깔끔해요~! 아부지 함 모셔가고 싶네용None조용하고 넓고 음식 정갈하게 잘 나오더라구요상견례 때문에 가봤는데 마음에 들어요 앞으로 자주 갈거 같습니다전복돌솥밥 맛있어요
58,11262884,어장군,적당히맛나요... 공항근처 음식점~^^그냥 최악....
59,8193875,교래손칼국수,당신의 시간은 소중합니다. 대기20분 음식기다리는데 20분. 맛은 글쎄요… 여기저기서 음식 나오는 순서 때문에 컴플레인 나옵니다. 네이버 평점에 속지 마시길원래가려던 곳이 쉬어서 이 집을 왔어요국물 간은 하나도 안되어있고 맛은 별로였네요 김치도 말라있어 먹기도 좀 그랬어요몇년만에 왔는데 제주 갈 때마다 들르는 맛집이라 별점 지원사격 왔어요. 여긴 맛도 맛이지만 양도 많아요. 오래전부터 초심 잃지 않는 곳입니다.
60,531276669,연동신도시식당,먹는 내내 술병 치우고 불판 뺄까 물어보고. 다 먹지도 않았는데 귀찮게 굶. 먹다 체하겠어요.솔직히 맛은 인정합니다. 가브리살이 입에서 살살 녹아요. 비싸서 그렇지.밥먹고있는데 마감 시간 30분 남았다고 말도 안하고 불빼고~ 반찬 치우는 음식점입니다~ 어이없어서 먹다가 그냥 나왔네요.ㅋㅋㅋ 종업원은 손님있는 테이블 그냥 치우고~ 사장은 계산하면서 이어폰 꽂고있고~ 아주 개판 오분전.생대패삽겹살 시켜는데 해동하건지 구울때 물이나옴 가격대비 밑반찬도별로 돈 겁나 아까움 일인분17000인데 10000한데도 가기실음
61,18352760,연미정,"전북가마솥밥,전복구이 먹어봤습니다. 존복밥은 평범하고 전복구이는 크기가 너무 작아서 당황했네요. 같은 가격이니 전복죽이 더 맛있을거 같네요. 직원들은 친절합니다.전복밥 존맛탱이고 반찬도 다 너무 맛있고 누룽지 만들어 먹은것두 넘 맛났어요None전복밥보다 사이드 반찬들이 미침 전복밥 누룽지 해먹는게 너무 맛있음"
62,2039755369,연안식당 제주연동점,재료가 아까워요...꼬막비빔밥 맛좋음제주시내에서 간단히 식사나 가볍게 술한잔 할수 있는곳괜찮음
63,25929180,연우네,와드주문 받으러 계속 안오셔서 갔더니 남자사장님께서 반말로 이따가~이따가~ 이러시네요. 그 사장님말고도 그냥 직원분들이 다 불친절하세요. 예전에 작은 곳에서 운영하실 때부터 꾸준히 갔었는데 너무 안타까워요. 전에는 친구들 데리고 가도 되겠다 싶었는데 이젠 저도 못갈 것 같아요.음식 양도 줄고 퀄리티도 많이 떨어졌어요.더보기
64,309907939,태백산 제주본점,고기가 맛있습니다 좀 비싸서 그렇지굳굳!None잘 먹고 갔어영 ^^
65,1780423274,연태만,@wuupick 이 보증합니다.짬뽕 국물이 맛있었어요 간짜장도 맛있어요 방문했을때 에어컨 고장으로 너무 더워서;;;창문이라도 열어주시지 오히려 밖에 나오니까(32도) 시원했어요;;하하좋아요
66,10814831,탑부평 흑돼지거리본점,"고기도 맛있고 고사리 등등 곁들여 먹는 사이드도 많아서 좋아요후식 냉면 서비스 무제한!!! 너무 좋아요  냉면 맛집주차가 어려운 동네인데 주차장이 작지만 있어서 좋아요더보기Great food, and the service was fantastic.고기맛이 진짜아니네요냉동고기를팔고있어요"
67,400920133,영주말가든,좋아요 밑반찬도 맛있고
68,639856721,한림일품,사장님과 직원분들 엄청 친절하시고 저는 수많은 스끼들 다 맛있던데요따뜻하게 먹으라고 튀김도 그때그때 나올때 튀겨주셔서갬동했어요. 회도 도톰하고 맛난 ! 2명이사 8만원짜리 모둠회 주문해도 그 수많은 스끼가 다나옵니다;더보기스끼다시 많은 집은 회는 별로인듯..사진도 없을정도. 25만원짜리 스페셜인데 무슨 회가 나왔는지 설명도 하나없고.. 뭐가 많아는 보이나 먹을게 별로 없습니다. 새벽에 배고파서 깼네요 ㅠㅠ배달만 시켜봤눈데요. 정말 맛있고 양이 많네요또 먹고 싶어요ㅠㅠ
69,8559443,산호전복,"전복죽 15,000원여자들 4명 양 부족해한 그릇 더 시켜 나눠먹었어요NoneNone강추! 여기 전복뚝배기 진짜 맛있어요뚝배기에 든 해산물만 해도 전복에 조개랑 새우 몇마리하고 게까지! 맛집입니다~"
70,991447832,화남정,제주여행 2박3일중 최고의 맛집!!!친절하시고 깨끗한 숨은맛집입니다~동네 맛집 사장님도친절하시고 좋아요제육 굿
71,27125068,문동일셰프녹차고을,"오늘 토요일인데 오후 5시 넘어 도착했더니 불이 꺼져있네요. 제주도에서 마지막날이었고, 공항 가기 전 마지막 끼니로 선택했는데 문 닫혀 있는 바람에 왕복 1시간 그냥 날렸습니다. 주유도 추가로 더 하게 생겼구요, 밥 못먹고 그냥 렌트카 반납해야 합니다. 네이버 검색해보니 17시까지만 영업이네요. 하지만 카카오맵에 영업시간은 여전히 20:30분... 네이버 안본 제가 잘못입니까? 진짜 너무 짜증나네요. 유튜브 보고 기대하면서 찾아갔다가 실망 가득 안고 갑니다.더보기녹차들깨칼국수 정말 맛있음.None다른 메뉴들도 맛있지만 오삼불고기와 녹차들깨칼국수 조합이 가장 베스트 같아요!못해도 한달에 한번 정도는 방문하는 로컬 맛집입니다~ 오삼불고기는 너무 생각나서 가끔 포장해서 먹어요ㅎㅎ훈제연어 샐러드도 새콤달콤 소스에 연어향, 아삭한 야채까지 정말 맛있어요!NoneNone"
72,27461642,모이세해장국 노형점,모이세해장국 처음 먹어봤는데 완전 맛있음 ㅠㅠ 이모님들도 왕친절하셔요!대표메뉴인 모이세 해장국그닥...굿
73,12547137,오름나그네,"언니가 3년 전에 먹고서는 너무 맛있다고 해서 오늘 제주에 도착해서 바로 갔는데 보말 국수 맛이 별로더라구요. 언니 말이 3년 전에 먹은 맛과 너무 다르고 김치가 그때 정말 맛있었는데 이번에는 맛이 별롱라고 맛이 변했다고 하더라구요. 저는 너무 기대를 하고 갔는데 돈이 좀 아깝다는 생각이드네요 또 기분이 나빴던 것은 우리보다 뒤에 온 팀에게 우리가 시킨 보말 국수를 주어서 2 인분만 제대로 받고 다른 2인분은 기다려서 먹었네요. 보통 미국 같음 이럴 경우 서비스로 음식을 더 추가해 주거난 매니저가 와서 사과하고 돈을 안 받거든요. 파전이 그래도 나름 괜챦아 별 두개 주었습니다 추천은 못하겠네요더보기너무 바쁘셔서 그런지 좀 아쉽습니다. 예약이 안된다고 하는데 단체는 예약이 됩니다.  개인은 안되구요.생물인 재료에 따라 맛이 조금씩 변하는건 이해를 하겠는데 한치비빔국수의 한치가 얼어있는 상태로 그대로 나오네요. 먹고 배탈나서 고생 좀 했습니다. 갈때마다 아쉬움을 느끼게 하는곳이라 아쉽네요.더보기성게, 보말 칼국수 둘 다 맛있음. 성게가 국물이 더 진하고, 보말은 구수함. 점심 때 가면 대기할 가능성 많음."
74,10639415,오리정,사장님 정말 친절하시고 가족끼리 식사하기 딱이예요 구이 시키면 탕은 서비스로 나오는데 개인적으로 백탕이 정말 맛있었습니다 👍🏻
75,347387676,다려도이야기,"먹다찍은 사진인데서비스 초밥도 초밥집에서나오는것처럼 질이너무좋고 물회도 너무맛있습니다.제주도에 넘치는 관광객용맛집이아닌 숨은 진짜맛집이에요자리물회, 한치물회 먹었는데 재료도 너무 신선하고 맛있습니다. 우연히 지나가다 들렸는데 운이 좋았네요. 사장님 매우 친절하셔서 잘 대접 받은 느낌입니다. 제주 사는데 자주 들리려고요."
76,842027852,오젠정식,정갈하고 맛있는 몸국을 먹었어요 단정한 점심입니다.옆식당 문닫아서 갔는데 반찬 가짓수는 많지만 다별로ㅠ 수저랑 그릇에도 뭐 묻어있는게 많았음반찬 하나 하나 다 맛있었어요~ 솥밥이라 주문시 나오는데 시간이 좀 걸려서 다음에 갈땐.미리 주문하고 가는게 좋겠어요~
77,11545219,탐라향,단체 여행으로 이용한 곳인데 다들 맛있게 먹음12000원의 품격가격값 못함시세 감안해서 8000원이 적당해보이는 퀄리티밥은 질고 소시지는 싼거쓰는티가 팍나고 제육도 썩맛있는거아니고 튀김류는 다 눅눅함.단체여행 식당 여기로 왜오는지 노이해.차라리 돈 더내서 맛있는거 먹는게 나을듯;
78,8459038,옹포별장가든,전복돌솥밥 2인 시켰는데…전복은 손가락 만큼 올라 오고반찬은 냉장고에서 꺼낸거 몇개 가든이라는 이름을 바꾸시는게보통 가든이라 하믄 돌솥밥정식 시키면상다리 부러지게 여러 반찬이 나오는 곳이라 생각된다지만… 여긴 그냥 절이거나 무침 반찬 4개? 에게?그냥 밥집이다.재 방문의사 : 없음.더보기보약!부모님 모시고 또 가고 싶어요친절하시고 먹는 내내 보약 먹는 느낌 ㅎㅎ전복이 아주보들보들한게 질기지않고 맛있었어요. 죽도 고소하고. 돌솥도 간장 살짝비벼먹으니 너무맛있어요. 미역국도 성게베이스인거 같은데 전혀 비리지않고 해물초보도 즐길수있어요.
79,166975140,외양간,"근처 직장인입니다..갈비탕가격 뭔일인가요? 몇천원이나 올랐는데 서비스는 역행하네요. 젊은 여사장님있을땐 장사잘됐는데 요즘은 손님없더라 싶었더니..불친절해졌어요!전화하는데 그냥 끊어버림불친절점심메뉴 - 보리밥 쌈정식. 1인분 1만원 해물된장찌개, 소불고기, 전이랑 속편한 찬들 같이 나옴. 굉장히 맛있음."
80,26589689,화목원,"대체적으로 맛은 평균 이상이긴 한데메인 메뉴들도 평균 수준이라 특별할게 없는 한정식.솥밥 누룽지가 제일 맛있었음.그리고 빈 테이블도 많은데 굳이 식사중인 옆 테이블 배치는 뭔지...손님 보다는 직원 편의가 강한 곳이라는걸 느낌.난 조용히 먹고 내부 분위기도 즐기고 싶은데 그런게 불가능함.더보기단체로 갔는데 일단 위치가 신제주라 숙소랑 가까워 너무 좋았고, 한정식이 너무 맛있었다. 비싼 값을 했음... 수육이랑 청국장 맛있게 먹음. 친구는 잡채가 맛있다고혼자 제주여행 와서 마지막으로 들린 음식점인데 개인적으로 여기가 제일 맛있었어요! 불친절하다는 후기가 있어서 조금 고민했는데 종업원을 바꾸신건가? 너무 친절하셨어요~ 혼자 밥먹고 있으니까 종업원분이 계속 오셔서 뭐 더 필요한 거 없냐고 물어봐주시고 그러셔서 너무 기분좋게 먹고왔습니다! 밖에 꽃밭도 너무 예뻤고 제주도 여행 마지막날 맛난걸로 끝내고 와서 너무 기분좋네요~~더보기"
81,28082185,고집돌우럭 함덕점,"바닷가 바로 앞이라서 바다 보면서 먹을 수 있어서 너무 좋아요! 해 쨍쨍 뜨면 뜨거울 수 있는데 친절하게 미리 말씀해주시더라구요~! 음식은 아주 푸짐하고 엄청 맛있어요!! 특히 우럭조림 내 시래기와 무우가 미친 듯이 맛있습니다bbb제주오면늘찾는맛집..정갈하고깔끔해서오늘도남김없이다먹고가요아이랑식사하기참좋은곳!!우럭조림,새우튀김,깻잎튀김, 보쌈 다양한 반찬(해)가 진짜 맛있고,적당이 푸짐하여서성인2명어린이1명 이여서 해2세트를시켰는데 미역국이2개 뿐이여서 좀 아쉬웠는데•••딱 미역국1개를 더주시고 아이가 차를 못마셔서 물도 챙겨주셨습니다. 직원분들도 친졀하시고 음식도 다 맛있어요. 바다 풍경도 너무 이뻐요.더보기"
82,1074072092,함덕에이플러스가든,고기는 정육점에서 직접 사서 구워먹어요 ㅎㅎ 신선하고 육즙 최고에요 강된장 비빔밥도 시켰는데 구수하고 맛있어용 해물 된장찌개에 전복 게 홍합 등등 들어가있구용 깔끔해요리뷰 뭡니까? 작업한 티가 팍팍 납니다. 그러지 마세요.이 집은 일단 청국장비빔밥은 무조건 시켜야 합니다. 뭘 먹든간에 다른건 다 필요없고 청국장비빔밥에 고추장을 살짝 더 달라고 해서 넣어 드셔보세요 이것은 천국의 맛이다 이말이야~~## 비주얼은 살짝 짤것 같지만 전혀 짜지않고 고소하다는 느낌을 받으실거라 이말입니다~!! 계산대에서 확인결과 상차림값 3천원은 없어져서 더 싼값에 더 맛있게 먹었습니다^^
83,292447252,우도밥상,회비빔밥 맛있고~해물라면도 새우 전복 홍합 문어 다 들어가있고 맛있어요~성게미역국은 그냥 먹을만 했음. 성게알이 그렇게 신선한 것 같지는 않음. 전복 물회는 싱싱하고 전복도 많고 시원하고 맛있음.서빙하시는 아주머니 무뚝뚝하지만 해물라면 성게비빔밥 괜찮아요~
84,8028947,우림일식,왜 전화로 예약할 때 미리 음식을 정해놓고 주문해야 되는건가요? 그리고 6명 코스시키고 할아버지 한분은 식사한다고 하니 안된다고 하네요. 7명 모두 코스로 시켜야된대요 너무 불친절하고 이해도 안되네요최  악 !아무리 제주도가  음식이 엉망이지만  해도해도  너무한 식당입니다. 15000원 새우튀김덧밥 보면  기절합니다.  애들국그릇에다가  뭐하는건지  초밥은 완전 숨이  죽어서 다 먹지도 않고 나왔어요. 첫일정 식사서  50000원 바로 버리고 나온 느낌이어서 정말 기분 나쁘네요.  관광객 호구로 보는 제주식당들
85,23149701,명물,10여년전 생각해서 찾아갔는데쥐치조림 해놓은거 퍼다준느낌..짜고...옛날엔 참 좋았던기억이었는데..맛은 좋으나  화장실은 시급히 개선하였으면 합니다.택시기사님이소개시켜줘서갔는데 문옆으로유명인들의사진들이먹고나서생각하니바쁜유명인들이오실만큼의맛있는집은아니라는생각이가든다더보기
86,2024077585,명가천지연무태장어,양도 푸짐하고 맛도 최고입니다~사장님도 친절하시고~ 지인들과 자주와야겠어요~정식은 가성비 좋고 맛나요.구이는 양 많아요. 성인6명이 4kg으로 넉넉히 먹었어요. 양가부모님 모시고갔는데 룸있어서 조용하고 편하게 먹고 왔어요.서비스도 좋고 부모님들 모이기엔 딱이에요.추천해요~!더보기정식 잘나오네요
87,17701774,우정횟집,왜 물고기 한 마리에게 이렇게 높은 가격을 책정했을까요? 별 다른 것 없고..물밥에 기름 냄새 나는 볶음밥에다가 매운탕까지 싱겁고.. 같은 맛을 집에서 즐길려면 시장에서 사 먹는 게 더 좋을 뜻. 가격은 10배 더 저렴할 겁니다.주인은 현관에서만 친절함. 비싼거만 잘 팔아서 사라짐.더보기낚시로 잡은 뱅에돔 회썰어달라는 요청에도 사장님 너무 친절히 대접해주시고 매운탕도 너무 맛있게 먹고 갑니다. 사장님 항상 복받으시고 번창하세요ㅎㅎ끝물인 한치만 시낄껄 그랬어요 한치는 그나마 맛있었는데 벵에돔 회 상차림 포함 15만원 아무래도 너무비싸고 매운탕은 싱겁고 와이프랑 저입맛에는 안맞았고회 한상 가격이 이쪽라인 가게들이 전부 비싼듯해요다음에 가면 요기 동네에선 회 안먹을래요더보기
88,145396442,명가일식,맛집입니다.
89,1779545950,맛있는소리,고기도 맛있고 반찬도 깔끔하고 맛있어요정식 먹었는데 도대체 평이 왜 좋은지 모르겠습니다정식이 만원이나 하는데 참..여기 안가면 바보!! 진심 최고입니다. 해장갈비탕도 너무너무 사랑해요~
90,8037225,월라촌,제주도민 맛집기본적으로 친절하고 직접 농사지은 야채로 장사하시더라고요. 엄청 저렴해서 자주 갑니다.
91,10678894,유리네,리뷰 보고 아차 싶어서 급 시킨 몸국은 맛있었어요. 다른건 별로 ㅜㅜ싸인 개많아서 정신없고 지저분해보였는  물컵에 물따라 마시는데 비린내 장난아님 토할정도ㅋㅋ제주에서 먹은 가게 중에 최악임 갈치조림 안에 갈치도 작고 감자에서 쓴맛남 같이 먹는 친구들함테 미안했고 대충먹고 주변에 맥날감 계산하려고 나가는데 카운터 뒤쪽에 손님 표정 개안좋아서 보는데 공기밥에서 벌레나왔다고 직원한테 말하는거봄.. 다시는 안가요더보기
92,8305425,말이랑흑도새기랑 본점,"별1개도아까움.맛,써비스 둘다 최악임.근처현장에서 일하는분들만 울며겨자먹기로 한끼 떼우는집임.말고기 처음 먹어봤는데 너무 맛있어서 놀랐습니다~ 같이간 언니도 처음이었는데 잘 먹었고요~ 고기가 신선했어요! 가격도 괜찮네영~ 추천할게요~장사좀 된다고 배가 불러서는 단체손님들, 제주도민들 세팅 먼저 나가고 본인들이 실수해서 주문 누락된거 말해줬으면 바로 나오는 음식을 갖다줘야지, 누락된거 말을 해줬는데도 ‘아 네 죄송해요~’ 이러고는 우리보다 늦게온 테이블에 같은 메뉴 서빙. 인종차별도 이렇게 심하게는 안하는데 이젠 나이차별 지역차별을 제주에서 받아보네요. 진짜 거짓말 안하고 태어나서 가본곳 중 최악의 식당. 어휴.. 그냥 다른데 가려면 가라는 마인드로 장사하는 느낌을 받음. 진상취급 당하기 싫어서 결국 음식도 못먹고 그냥 나옴.더보기"
93,7860530,만호민물장어,한마리 정식 먹었는데 아주 추천합니다장어는 먹을만 합니다사장님은 친절하신데카운터 사모인지 아줌마가돈좀버셨는지 무척 불친절합니다앞으론 다른곳 찾을뜻 합니다더보기참고로  요즘  풍천 장어가  킬로당  3만정도  하는것으로  아는데  진짜  8만원  좀  너무  아니라고 생각한다  도민들이나   호구 되지  마세요  비싸다고 좋은게 아닙니다  결국
94,9632264,화순식당정육점,간이 너무할 정도로 약해서 음식 맛이 없어요.김치찌개는 오래 끓인걸 퍼주는데 후추가루 넣어서 너무 불호돼지고기는 뻑뻑한데 너무 두껍고 아무 간이 없음생선에도 간이 안 되어서 이걸 무슨 맛으로 먹으라는건지최근 정식 먹은것 중에 제일 맛없어요.더보기점심에 두루치기와 찌개를 먹었었는데밑반찬까지 맛있네요.사장님 충분히 친절하시고 가족적인 분위기가 좋아요.
95,26100402,육갑봉,이곳 갈비를 한 번 뜯어보시면 다른곳 갈비는 절대 못드십니다.! 강추!갈비탕 뚝불 냉모밀 뭐 하나 부족한것없이 알맞은 간에 양도 많고 정말 맛있네요. 어른도 아이도 한 그릇 뚝딱 잘 먹고갑니다.너무 잘 먹고 갑니다 ㅎ
96,1613393220,육장갈비 제주본점,집에서 가까워서 가봤는데 음식이 너무 달아요.양념갈비 종류는 너무 달아서 비추에요. 딴건 안먹어봐서 모르겠음.
97,1290947825,강윤구스시야,일식집에 왜 자꾸 시끄러운 클럽음악을 트시는지를 모르겠네요..주고객을 잘봐요 ; 그런 클럽음악 들으려고 일식집 가서 밥먹는거 아닌데... 에휴전에 잔잔했던 분위기에 좋아서 지인들 데리고 갔더니 낭패봤습니다~ 지인들한테 욕봤네요... 예전처럼 잔잔한 배경음악이 아니라면재방문의사 절대 X더보기사장님 정말 친절하시고 가성비있고 든든하게 식사할 수 있는 곳입니다가게 내부 인테리어도 난잡해서 어지럽고 직원 응대 태도도 매우 불친절 리뷰 귀찮아서 안남기는데 진짜 너무 별로
98,9323681,은성횟집,최악중 최악밑반찬 보세요백숙 나올때까지 저게 끝이고맛대가리도 없고같은 회 쳐먹는데 무슨회는 밑반찬 가지수가 더 많고 한치는 무슨 저따구로 줍니까더보기관광지 바가지라는 게 무엇인지 경험해보실 수 있습니다. 불친절과 적은 양은 더불어서 경험하실수 있고요. 바다뷰를 위해서라면 근처에 다른 식당을 알아보세요. 다녀오고 나서 기분이 나아지질 않아 처음으로 리뷰 남기네요. 별 하나도 아깝습니다
99,10349815,만옥,남여 같이 가서 반마리정식 시키면 꼬리는 무조건 남자만 줍니다 ㅋㅋ설령 여자 손님 앞에 꼬리 부분이 있는 접시를 놓아주시더라도 갑자기 남자손님 접시랑 바꿔버립니다 ㅋㅋ잘못 놓았다는거죠같은 가격 받으시면서 왜 차별하시는 지 이해 못하겠음가끔 식사를 하러 가는 곳인데 갈 때마다 차별 받는 기분이 들어서 싫습니다서빙하시는 분이 장어를 주실 때도 항상 대놓고 여자/남자 나눠서 선별해서 앞에 둬주시는데 똑같은 돈을 지불해서 먹는건데 기분이 나쁩니다서빙하시다가 꼬리가 여자손님에게 가면 잘못 줬다면서 빼앗아 남자손님에게 주시는 걸 몇 번이나 봤는데 왜 그러시는지 모르겠습니다더보기장어구이 먹는데 구성이 별로에요평소 가던 식당은똑같이 장어구이 먹으면장어초밥도 나오고 장어탕도 나오는데...다시마죽에 밥도 따로 시켜먹었어요장어탕은 고사하고 된장찌개로 나왔구요가까워서 갔는데...두번은 안 가렵니다더보기
100,1233978958,은희네해장국 노형점,2022.10.09 마님과평범체인점이 나을수도^^나쁘지 않았다. 매콤 얼큰 건더기 실함. 개인적으로는 미풍해장국이 더 맛있는 것 같다None
101,1617125765,큰맘할매순대국 제주곽지점,국물도 깔끔하고 맛있어요. 여행 와서 든든하게 아침 먹고 싶어서 갔는데 너무 맛있게 잘 먹었습니다~제주도 와서 기분좋게 식사하다 갑니다 ~~매장도 깔끔하고 맛도 좋고사장님도 너무 친절하고 좋아요 ~다음에 제주도 오면 꼭 다시 방문하고 싶네요 ^^오랜만에 방문..맛도 변함없이 잘 먹고 갑니다.여전히 사장님도 친절하십니다~후기를 두개 쓰고 싶은데 한번밖에 못 써서..재등록합니다..더보기
102,9026136,만부정,"복어 사시미 코스 (인당 80.-) 2인 코스입니다사진에는 밑반찬들과 죽, 후식 수박이 빠졌음구성이 아주 좋았습니다 친절하셨구요두 번째 사진이 복어불고긴데 맛있었어요지리탕에만 소주 2병 마실 수 있고요~재방문의사 90% 이상입니다더보기None원희룡 맛집.. 다음에 제주도가면 꼭 가봐야겠내요..원희룡 맛집"
103,10757125,이금돈지,시간이 애매해서 부랴부랴 찾아갔는데 정말 배부르고 맛있게 먹고왔습니다👍 특대로 주문해서 5인 가족 양껏 배부르게 먹었어요! 전부 통으로 나왔는데 직원분이 먹기좋게 손질해주셨어요 맛나게 먹고갑니다!머리카락 나옴갈치조림은 4인기준 8만원으로 비싼데 맛은 3만원도 아까운 수준값은 비싼데 맛은 없음조림 소스는 떡볶이 소스 느낌
104,1031932909,이도숯불갈비,"가성비 최고, 목살 완젼 딱 달라붙을 정도로 맛잏음, 친절도도 최상맛은 짜지 않고 좋았는데 너무 더러움. 먹던 테이블위 옆벽에 바퀴벌레 두마리 나와서 항의함. 주인은 세스코 방역 한다는데 매장 입구엔 세스코 마크 없음. 아!!! 옆 테이블 치울때 깨끗한 반찬은 따로 담음. 다른곳과는 달랐음. 젠장.거짓이면 고소하슈!!!"
105,26040908,제주화연이네,애월가는길에  계획없이들렀는데관광객상대라기보단 시골 식당같아소박했음영업도오후 세시면끝갈치국도 먹어보고싶었는데그냥 미역국
106,14649776,이만석군횟집,1점도 아깝다 비싼돈내고왔는데 주차부터 친절하지않고 회는 질겨서 씹히지도않네요별한개도 아까워요 대체로 신선하지않은거같아요가격대비너무 성의없는듯.
107,26488185,해모둠,"회 를 안먹었던 제가 회를 사랑하게된 최애 맛집 코스가 이렇게 나와도 남는게 있나 싶을정도로 푸짐하구요 ..! 센스있는 사장님 자주 가는 단골인지알구 서비스 까지 ..🫰🏻 챙겨주셨어요 ! 귀한손님들 대리고 가고싶은 나만의 도민 동네 찐맛집!!! 회도 너무 신선하고 저는 해물철판볶음밥 이 제일 최애하는 코스메뉴 중 하나입니다 서쪽에서 가는동안 횟집 그렇게 많지만 해모둠만 가는 입맛 까탈스러운 1인 이번에도 맛있게 잘먹고갑니당♥️아그리고 밑에 후기 이상하게 남기신분 계신대 .. 도대체가 해당사항 하나도 없는 얘기라 읽어보고 당황 .. 100프로를 맞출수있는 곳은 아무대도 없지만 .. 전 제가 추천하는 제주도 맛집 top5위 중 한곳으로 추천합니다 !!!더보기None코스요리먹으러 자주가는 맛집~~ 갈때마다 배터지게먹고온다..진짜 가성비갑..무엇보다회가너무싱싱친구들에게도 소개시켜줬더니 회가왤케다냐고 맛집인정이랜닼ㅋㅋ날이너무더워서 물회먹으러갔다왔는데 광어도 싱싱하고 전복물회 굿 ❤❤요번에도 항상 친절한 사장님덕에 더기분좋게식사하고왔다 더번창하세용~더보기기분좋은날,  부모님 모시고 갔다가 기분잡치고옴.4인코스시킴.고추냉이그릇 세팅후 겉절이 하나나옴.알바 오더니 회갖다드릴까요?ㅋㅋ네? 스끼다시안나와요?저흰 회부터 나옵니다.네 갖다주세요.1분지났나?  바로나옴헐? 초스피드, 게다가 회 세어봄ㅋㅋ4명인데 27점ㅋㅋㅋ애기주먹만한 돌? 같은거에 3점씩 9개ㅋㅋㅋㅋ어이가없어서 사장부름이거 4인 기준맞냐고ㅋㅋ맞다고함전에 어머니가 와서 먹었을때 이것보다 훨씬많았고 괜찮은거 같다해서 온건데이건 아니지않냐?  니깐항상 이렇게 나오는데요. 하고 감.게다가 회가 촉촉하지가 않음.누굴바보로아나?1분만에 회가 나온것도 황당스러운데회가 말라있어서 하나 짚으니 다닥다닥붙어있음.사장 또부름이거 방금 썬거 맞냐?맞다고우김.ㅋ.ㅋ 회 셋는데 27점이 4명 먹으라는거냐겉절이하나 달랑 나와서 회나오냐 했더니우린 스끼다시가 잘나온다 함.이정도면 죄송하다곤 못할망정 부침개라도 가져와야지 않나..?그럼 다음코스 그냥 다줘라함 .스끼다시 더 가관ㅋㅋㅋㅋㅋㅋ생물 한개도 없음ㅠ전복조차 끓는물에 삶아서 언제 삶았는지차갑고 말라있고그흔한 개불, 소라 없고ㅋㅋ쓰면서도 욕나오네그담에 튀김 나오고(이게젤나음ㅋ)철판에 무슨 덮밥같은거 밥한공기정도.지리?매운탕도 안물어보고 그냥 뚝배기 기본사이즈에 지리나옴ㅋ넘 어이없어서 사장부름어른4명이 소주 1병 먹었는데 안주가 없다.진짜 이게 끝이냐?밑반찬도없냐?탕나올때 밑반찬주지않나요?  했더니ㅋㅋㅋ개우젓? 이랑 김치 갖다주면서ㅋㅋ머라했게요?밑반찬은 코스에 안주는건데...라고 얘기하고 감.사장이ㅋㅋㅋㅋㅋㅋ와대박회좋아해서 수많은 횟집을 가봤지만여긴 최악임사장 마인드 미침.가게앞에서 1인시위하고싶음더보기"
108,26511507,이비가짬뽕 제주1호이호점,"맛있음 근데 영업시간 10시부터예요진짜 존맛탱짬뽕에 해물도 많구 얼큰하고 불맛이 진짜 살아있어요  탕수육도 찹쌀로 만들어져서 쫄깃하고 부드럽고!서울에서 제주 도착하자마자 배부르게 잘먹었어요공항이랑 가깝고 주차공간 넓어서 좋아요더보기짬뽕 국물도 얼큰하고 사이드 메뉴 (고추만두, 깐풍새우닭 등등)도 맛있습니다.음식도 금방 나와서 좋아요."
109,1358116779,갑도니 시청점,사장님이 바뀐건가 너무 변했어요흑돼지 오겹살도  맛있지만직원이 츤데레 ~!말안해도삼겹살 남은거 잘라서 볶아 볶아 밥 강추JMT
110,19606244,루스트플레이스 베라체점,"빠네는   국물하나고없이  마르고  오리엔탈치킨샐러드는   닭껍데기  튀김같은  남이  남기고간  치킨  다시  튀겨온  비주얼이었음이젠  후식도  없고  다시는  안감!!!!!인근에공영주차장이있고,건물뒤에도주차장이있어주차는편리함, 파스타와치킨샐러드를먹었는데,파스타는맛이괜찮았음치킨샐러드는치킨조각이너무크고,야채가다양하지못하며,소스도처음에너무적어맛이별로였음"
111,8051596,이화원,"제주에 이런 중식당이 있어서 다행임.재료 신선하고 맛도 깔끔하여 간만에 돈 안 아까운 음식을 먹었음. 한국식 짜장, 짬뽕을 원하신다면 패스하시길~맛은 별로~~인테리어만 신경주인 인심 꽝~~!!"
112,23364535,일등정육백화점,"4인가족입니다. 소고기와 육회, 돼지고기,김치찌개로 마무리했습니다. 고기도 음식도 사장님도, 가격도 모두 대만족♡♡♡♡♡최고의 제주 한우를 판매하는 곳1++ 9grade !!!!!©2021. ethwang All rights reserved.None"
113,9398026,일맥,really good !술먹은 다음날 해장으로 제주에서 최애집!단 1인분 안되고 가격이...지인 분이 맛있다고 칭찬하길래 다녀왔어요. 왜 칭찬할 맛인지 알겠더라구요. 돼지고기 샤브가 깔끔하고 정말 맛있었습니다. 밑반찬도 맛있다고 어머니께서 칭찬하셨어요. 주인분도 친절하시고 고기도 맛있던데 다르게 생각하는 분들이 꽤 계시네요.
114,26570222,달맞이 신대로점,맵찔이가 가도 괜찮은식당입니다공기밥 별도지만 가격 가성비로 봐도 비싸지 않습니다.2명이서 2인분보다4명이서 4인분이 더 싸게 먹는다는 ㅎ가격표가 예전꺼라 현재 가격표하도 1천원정도(?) 차이 납니다그래도 다름데보다는 저렴합니다더보기
115,18643351,일품샤브샤브,건강한 재료로 만든 조미료 안 넣은 맛. 친절하심맛 없어요 별점보고 갔다가 실망무맛의 향연 고기와 야채 본연의 맛을 느낄 수 잇다이 가게에 5점준 사람들이 수상하다..
116,7857571,래원,짬뽕 짜장면 배달해서 먹었는데짬뽕떡 짜장 떡이 왔어요무슨맛인지 모르겠어요맛없어요해장국도 아니고 이도저도 아닌... 짬뽕에 들어가는 돼지고기에 밑건한 생강 맛이 너무 강해서 국물이 생강국물이였음. 손님이 오든 음식을 시키든 계산을 하든 인사는 없음호텔 부주방장 출신 사장님요리 넘 맛나요.굴짬뽕 최고입니다~~~~
117,1424872378,두끼떡볶이 제주노형점,저녁 8시에 마감이면 여기에도 수정좀 해주세요~
118,647198830,가영이네횟집,"최고의 식당입니다~감동의 눈물을 맛볼 수 있어요회는 나쁘지 않았음. 간장게장은 좀 달았지만 우럭 튀김이나 석회 등 스끼다시랑 맨 마지막에 나오는 지리도 훌륭했음. 그러나 4인가족이 가서 스페셜 중자(70.0) 시켰다고 눈치를 잔뜩 얻어먹음. 반찬 더 달라고 해도 못 들은척, 왜 대자 안 시키냐고 면박을 엄청 큰소리로 주고, 끝까지 퉁퉁 거렸음. 심지어 회도 남길만큼 많았다고... 후 맛은 있었는데 기분이 많이 나빴어요. 그래서 2점더보기불친절해요. 불쾌해요. 음식은 나쁘지 않지만 다신 가고 싶지 않아요"
119,9410769,장촌한우마을,"오늘  오랜만에 소고기 먹으러 마눌과 함께  장촌  한우마을에 도착 등심1인분  4만5천원  2인분시키고 국물이필요해  내장탕을 시켰다.먼저 맥주와 소주를 시키고 한잔한다음 김치를 한점 먹었는데ㅡㅡ왝  오바이트 나올것 참구 뱉었음. 이  냄새는 머랄까? 누진 썩은냄새?  다른반찬도 마찬가지..흠  어떻게  이런맛을?   내장탕 나왔는데 냄새또한  구역질맛 마눌과  한숫갈 한점 먹구 저멀리 배치함 ...고기맛 떨어지니깐  암튼 다시는 가고싶지 않은 별하나두 아깝다. 선택 잘하시길...더보기생갈비, 치맛살, 제비추리, 안창살 먹었어요.육즙이 살아있고 같이 간 분들도 살살 녹는다고 하시어 제주산 소고기 맛을 느꼈어요.된장찌게에 하얀밥 살살비며먹음 입맛이 다시금 고기를 당겨요.재방문의사 200%"
120,824717700,장춘육당,다른 소고기집보다 맛있는건 아니지만 가격이 다른곳보다 저렴합니다지인 추천으로 맛있다고해서 갔는데 그냥저냥 맛근데 조금  일찍가서 먹고있는데  다 먹을즈음 식당 여자분이 다음 예약손님있으니 그만 먹고 나가달라고하시네요....뭐 이런 식당이 있나요진짜 기분좋게 먹다가 짜증나서 나왔어요..
121,10290858,동이트는집 신제주점,"손님을 거지처럼 대하는집밥을 그냥 얻어 먹으러와도 그 따위로는 안 하겠다사장이며 직원이며 서비스 인성 쓰레기두번 다시는 안간다오랜만에 방문, 탕은 언제나 맛남13,000원으로 가격 인상어리굴젓은 전보다 짠데 오이가 안 들어감그리고 오이 반찬이 따로있음;;;예전 후기추어가 국산이라 가격은 감안하고 가는데 어리굴젓이 너무 맛있다.쌈채소도 굳17년까진 샐러드도 있었는데 아쉽더보기반찬은 최고"
122,777873013,저팔계깡통숯불구이,"여태까지 먹어본 고기를 부정하는 맛!고기자체도 질이 좋고 맛있게 먹는법을 다 알려주심.질이 좋은데 가격도 착함사장님 너무 친절하시고 신관이랑 구관 헷갈리는 사람들이 좀 있는것 같은데 안타까움전 메뉴 맛없없,, 냉면도, 찌개까지도 완벽한 식사였음넓고 쾌적하고, 화장실까지 깨끗해서 이용하면서 기분이 너무 좋았음. 친구들이랑 와도, 가족들이랑 와도 다 좋을듯한 분위기사장님이 갈때마다 초심을 잃지않으시고  항상 친절하셔서 인기많은 이유를 알 것 같음더보기가격은 높은편인데분명 그람수대비 양이 적은느낌"
123,1238978117,칠돈가 제주공항직영점,무난한 고깃집이라 생각해요
124,8079110,전주콩나루콩나물국밥 신제주점,만점...만점이오!개인적으로 먹어본 콩나물국밥중에 제일 맛있음 ! 고소하고 콩나물 아삭함콩나물 국밥먹으러 가면 무조건 여기 가요3년째!-!
125,9381521,정순화손두부,"진짜 맛없어요의외로 참 맛나고, 친절하시고, 좋네요~굳!!맛있고 친절해요. 사장님이 애들도 좋아해주세요손두부 고소하고 담백하고 청국장두 맛있어요."
126,8515374,정우말가든,a코스 먹음. 육회빼고 맛 없음. 양도 적음. 3.5인데 이건 너무한데 오지마셈A코스 고기 로스에 샤브샤브 맛납니다.별하나도 아깝네요.
127,9442481,제일식당,"닥치고 별 10개. 여기서 술 먹으려고 서울에서 1박으로 추자도로 감.... 사라질까 무서운 집.조기정식, 조기매운탕 맛있어요~ 밑반찬들이 하나하나 맛있어서 잘 먹었네요 추차도에 있는동안 여러번 방문할만큼 좋네요 1인식사도 메뉴가 많진않지만 받으시던데.. 예전엔 안됐던건지 모르겠네요장사가 안되서 그런가 오래된 반찬 많아"
128,786521977,가리본가 광양점,"냉면 소갈비탕 전복옛날가리찜맛이 달라졌어요. 초심으로 돌아가셨는지, 간만에 갔다가 감동 받고 왔습니다.제가 찾던 백김치가 여기 있었네여. 굿!!고기뼈(고기는 쪼끔붙어있고)하고 그릇만 크고 먹을께 없어요 갈비탕!!  비추합니다!!서비스가 너무 안좋고 손님들 배려가 빵점 입니다. 돈에 미쳤어요. 밥먹으러 갔다가 주차3번 해서 짜증나서 밥 안먹고왔네요..세울곳도 많은데 갑질은..좀 그만."
129,9737285,대광식당,갈비탕은 먹지마세요 최악입니다국물 소금물맛.고기는 찢어서 3점정도.이런걸 간판에 걸고 팔고있는게 아쉽습니다.포장하면 기본반찬대신 갈비탕안 건더기를 더 넣어준다는데  그럼 매장에서 먹으면 얼마의 갈비가 들어가있을지 궁금하네요갈비탕 먹으려고 선택한 저의 잘못이 크네요더보기맛있게 잘 먹었습니다~모두 친절하셔서 좋았어요바쁜 시간대에 가면 대기 있기도 해요개인적으로 물냉보단 비냉이 맛있었습니다^^40분기다렸어요 ... 근데 맛도없음
130,25065108,해어랑,"말해모해 최악하나도 아깝습니다정식 시켰는데 양도 얼마없는 광어회만 나오고, 음식 주는 속도가 너무 느림. 먹는 내내 뚝 뚝 끊김. 그리고 가격 대비 양이 안좋음ㅋ 개선해야될듯"
131,8067674,제주늘봄,"소갈비 맛있음일주일에 2일 제주도 꽂을대 출장자임한우관 방문주문내역등심, 한우갈비, 미국산갈비,당일도축? 육사시미등심은 강츄! 당일도축이라던 육사시미는 농담으로 받아들여야 할듯. 한우관 이모님 감사의 표시 드린 후 절대 안옴 다른 이모님과 바톤 터치... 어이없음당일도축이라던 육사시미는 욕나옴.!더보기"
132,527993327,동광회센타,맛있게 잘 먹었어요!! 모듬 소짜 시켰는데 두 명이서 잘 먹었습니다 ㅎㅎ 특히 광어가 도톰하고 쫀득했어요None음식도 깔금하고 가격도 저렴해서 가성비 최고예요. 강추합니다.가성비 똥망 절대 다신안갑니다
133,20307028,제주마당,4명이서 가서 갈치조림 중짜 시켰는데 다 못 먹고 남길 양이었다. 양념도 짜지 않고 갈치도 굉장히 두툼하고 길었다. 갈치조림 먹으려고 제주도 왔다면 선택해도 좋을 것 같다.NoneNone*방문평*갈치구이먹었었습니다.*친절도:친절하지도 불친절하지도 않은 보통.*음식맛: 갈치에 소금간이 제대로 안되어 좀       싱거웠습니다. *총평:공항근처 통갈치식당 선택지가 별로없어서 갔었지만  재방문 의사는..글쎄요더보기None가격대비 가성비떨어짐  비해 맛은 그냥 맵고짜고  ..
134,2097220773,제주반딧불한담 애월점,"전복문어해물라면,전복 물회,회덮밥주문했는데 물회는 전복이 한개도 아닌 반개 얇게 채쳐있어 돈아까웠어요.라면도 해물이 작은 문어발 한개. 가격대비 해물이 별로 없습니다. 실망.회덮밥도 회가 한숟가락양? 정도 들어있습니다.분위기도 좋고 친절하십니당ㅎㅎ음식들 맛있게 잘먹었어요 지인들도 좋아하네요죄다 광고글이네"
135,1256930199,제주본가,맛있어요!None
136,12749808,제주소드래,"중요한 식사 자리가 있어서 모시고 갔지만 다시는 가지는 않을 것 같아요입구에서 분명히 보셨는데도 인사는 커녕 예약 확인도 하지 않으시고 카운터 비우시고식당에서 애초에 예약한 자리 안내받으려고 카운터에서 그렇게 기다린건 처음입니다메뉴 선택 물어보니 귀찮으시다는 듯 설명하는둥 마는둥 하셔서 상황이 같이 계신분들까지 민망해지더라구요 보쌈에서 냄새가 나서 먹을 수가 없었어요전체적인 음식 포함, 사장님의 손가락 제스처나 불친절하신 응대 때문에 중요한자리나 상견례 비슷한 자리로는 적합하지 않은 것 같습니다더보기손님 대접할 일이 있을 때 찾는 곳입니다. 모시고 가는 분마다 만족합니다. 정성스러운 음식 하나하나에 감사합니다.None반찬 정갈해서 맛잇음"
137,1063508208,돈황제,"양념갈비 가성비 좋고 맛도 좋아용년말모임겸., 쫑파티겸…좋은 사람들과 즐거운시간.,주차걱정없어 더욱 만족스런2021년12월3일(금)요일 저녁 모임(제주 확진자가 늘고 오미크론 변이 코로나 바이러스 조심스러워서 더욱 안전(?)한 장소에서의 오늘 모임. 성공적!!더보기None쪽갈비에 갈비가 아니라 비닐만 붙어있고 양도 적고 반찬도 너무 허술하네요안녕히계세요"
138,9504196,풍전,최고에요냉면도 진짜 맛있고요 갈비탕도 깔끔하고 정말 맛있어요. 반찬으로 나오는 깍두기와 양념게장도 신선하고 맛있습니다.
139,2070626401,제주여행가야밀면,돈까스맛집 밀면맛집너무 친절하셔서 기분 좋았어요 여태 가 본 식당 중에 제일 친절한 거 같아요..국밥도 진하고 맛있고 온육수도 맛있어요돈까스는 고기가 엄청 두툼하더라구요여기 밀면은 평범 맛있는데 국밥이 맛있어요 ! 다대기 넣어서 먹으면 쫀맛 .. 국밥 국물이 진해요 ~
140,12542076,돈향기,너무나 맛있음.음식과 서비스 모두 만족스러웠으나 가격대가 음식 수준에 비해 약간 비싼편인듯
141,13634547,돈풍년,"갈비먹고 싶을때 갑니다용!!!!고기 자체는 맛있긴 한데, 양이 너무 적고, 밑반찬 종류가 적어서 아쉬워요"
142,628037144,돈사돈 월정점,흑돼지랑 김치찌개 존맛탱이고 입에서 녹습니당사장님이 구워주셔서 더 맛난거같아요!None다른 돈사돈이랑 고기가 맛이 다르네요 생고기를 앞뒤로 구운뒤에 자르지도 않고그냥 자를때 부터 이상함돌 덩어리 목살고기랑비계만있는 삼겹살이 서빙세상 퍽퍽해서 먹을수가 없었어요삼겹살은 비계가 그리많은데 육즙은 커녕ㅡㅡ800g에 이 금액 너무 아깝네요사장님 좀 웃으면서 장사하세요고기 썰때 무서워요직원들도 사장 눈치보느라 눈이 쾡함더보기
143,26901839,제주정,"예전에 자주갔었다가 최근에 방문했는데주인이 바뀐건지 양도 빈약하고 무슨맛인지 도통모르겠음 ,,매운갈비찜은 뭐가매운건지하나도 모르겠고갈비탕은 인스턴트사먹는거같음남여사님^^, 강굴이^^ 짱입니다."
144,26429444,제주정지,공항 근처식당 알아보다가 가게되었는데 통갈치 엄청 크고 양도 푸짐하네요!! 역시 현지 와서 먹는게 최고인거같아요^^ 살도 실하고 맛있게 먹었어요!!정식으로 시키면 여러가지 나와서 좋고 갈치 구이도 맛있고 밑반찬도 잘 나와서 좋아요!! 맛있게 잘 먹고 가요~ 매장도 깔끔하고 좋았어요!!매장도 크고 넓은데 주차장도 있어서 좋았어요!! 음식도 전체적으로 입맛에 잘 맞았고 사장님도 친절 하셔서 기분 좋게 식사 하고 왔어요~^^
145,22301804,제주축산농협한우프라자 삼화점,"맛도 없고 가격 인상까지 하네요여러가지 먹어봤는데 소불고기, 육회는 괜찮음근데 소갈비, 물냉면, 모둠 고기는 비추천+ 직원들이 센스도 없고 불친절함 ㅎㅎ"
146,291271136,돈사돈 별관,고기질도 좋고 백돼지도 팔고 양도 많고 맛있었습니다. 김치찌개도 최고였구요~실은 돈이랑인줄 착각하고 갔던 여행객인데 고기가 두꺼운데도 부드럽고 맛있었어요NoneNoneNoneNone일년반만에 찾았는데요. 그 사이에 고기에 대해서 바꾸신게 있으시다면 2021년 3월 이전 스타일대로 되돌리시는게 좋을것 같아요. 육질부터 냄새까지 분명히 다릅니다. 아래는 제가 예전에 써논 후기입니다. ————————————————————————-졸라 기다리는 숙성도를 가보고서야 돈사돈 후기남깁니다. 숙성도 하도 뜨길래 뭐 대단한 곳인줄 알았는데 가보니 돈사돈이 한수위인걸 이제야 깨닫고 남깁니다. 고기 퀄리티는 비슷할지몰라도 밑반찬이나 찌개는 돈사돈이한수 위가 확실합니다더보기None1점도 아까움.(서빙해주시고 고기 구워주시는 친절한 여사님때문에 그나마 1점이라도)제주도에서 흔해빠진 흑돼지 너무 비싸게 팔고홀 환경도 최악임.중요한건 계산할때 정확히 체크할것. 소주 먹지도 않았는데 청구되는게 우연인지 의심스러움.더보기
147,8165266,해연횟집,"해연횟집과 맞닿은 제주바다의 파도소리와 바닷내음에 불타오르는 석양노을이 압권인 해연횟집. 참돔회, 갈치회, 다양한 스끼다시, 그리고 마무리는 전복내장볶음밥까지...강력한 태풍처럼 휘몰아치는 바다의 향연!용연과 용두암의 경관이 해연횟집과 어우러져 신선하고 맛있는 횟감에 취하고바닷내음과 파도소리, 불타는 석양 노을의 분위기에 취하고육감이 만족스러운 최고의 저녁식사!더보기None기본 찬 미역 달랑하나 진심 최악 다신가고 싶지 않네요12만원 모둠회를 먹었습니다 재방문의사 없습니다 호갱 당했습니다장점 매운탕이 맛있습니다 회의 양 두툼하게 많이 주신것 같습니다이모가 친절하십니다단점모둠회인데 구성이 단일 회를 시킨줄 알았습니다 스끼다시는 없다고 보시면 됩니다더보기"
148,26614817,제주통큰장어,장어가 고소한게 너무 맛있네요 ㅎㅎ 직원들도 친절하구요 장어먹고플땐 이 집만 갑니다~아이 시끄러버라맛있고 친절함 조아영
149,8864513,대성아귀찜,"정말 맛있었어요.  소박한 간판과 수수한 식당분위기,그러나 아귀찜 정말 맛있어요.올때마다 들리고,  또 들리고 싶어요.@wuupick 이 보증합니다.콩나물 세상에서 제일 맛있게 먹을 수 있는 집"
150,24282553,대연정,소머리 곰탕 고기도 부드럽고 맛있어요!!
151,1307166311,제주흑돼지마씸,상상했을때 이상적인 삼겹살맛이 있었는데 여기가 딱 그랬음 다음에 제주도 가면 또 들리고싶어요고기맛있어요.대구에서 온 여행객...직원들도 친절하네요.김치찌게도 맛있어요.방문해도 무난 이상입니다.더보기흑돼지고기가 맛있어요   그러나   김치찌개는 좀  ~~별로
152,17816604,조마루 노형점,다시 찾는 음식은 신뢰가 있어야 합니다.20여년만에 찾은 음식이 20여년의 기억을 가져 왔습니다. 조마루감자탕을 아내와 함께 먹으며 20여년전 추억을 이야기 할 수 있었습니다. 감자탕에서 스테이크맛을 찾으려는 우매한 손님들이 없길 바랍니다.잘 먹었습니다.감사합니다.이게감자탕임? 고기너무퍽퍽해서 삼키기도힘들고 국물도별로없고 이제까지먹었던감자탕중에 최악이었음
153,10309237,도치돌가든,양많고 신선하고 진정맛집맛있지만 친절하진않은곳냉면. 그간제주에서 먹던것중에 젤낫네요!!!설렁탕도 간안되어 있어서.아이들 따로 간맞춰먹이기 좋아요.육회는..푸짐하지만 맛은 쏘쏘하고김치는...너무 짜고 맛없었어요ㅠㅠㅠ바쁘셔도 불친절함은 못느꼈습니다.더보기
154,15200040,대원가,"사장님은 친절하신데 딸인지 며느리인지 얼굴보면서 화장실 대놓고 두번물어봤는데 탕손질에만 집중하시고 대꾸도 안하시네요ㅡㅡ결국 알아서 찾아감요왜 서비스불친절인지 알듯맛은 so~so해물탕 그닥 좋아하는편은 아니라 맛 평가는 잘 못하겠어요직원을 못 구해서 가족이랑하는건진 모르겠는데 가족도 친절서비스는 제대로 가르쳐야할듯요더보기전복해물탕  중  70,000원걍 전복  푹 익혀서 와사비 찍어 먹는게 제일 맛있는 집1. 친절도 1점- 직원들의 존재감 없음, 방전 직전 로보트2. 분위기 1점- 탁자 위에 전부 비닐 깔아 놓음, 장례식장 세팅 분위기3. 재료 신선도 5점- 전복이랑 문어는 싱싱하게 생물임기타 꽃게는 쏘쏘. 바지락은 그냥 괜찮은 정도4. 맛. 2점재료는 신선한데에 국물이 이상하게 ~~이상한~~ 맛임5. 전체 평점 2점걍 전복으로 승부하는게 나을 것 같은 집전복 양은 많으나 다른 맛은 없는 집더보기딱히 친절하진 않으나, 반찬깔끔하고 먹을만 합니다.  갈치구이 추천할게요."
155,15942374,도라지식당,"아침에 일찍 열어서 밥먹을때 없을때 먹기 좋아요.해물뚝배기는 비추갈치구이는 그럭저럭이에요.크게 맛있지는 않고, 보통이에요."
156,8293599,대자연가든,맛없어요양도 많고 친절해요.
157,21878538,황금섬숯불갈비,백반 먹었는데 정갈하고 깊은 남도의 손맛이 너무 만족스러웠고 배가 불러서 반찬을 다 먹지 못 한 게 아쉬울 정도였어요. 모든 음식이 다 맛있지만 추자 인근 해역에서 잡히는 굴비 요리는 꼭 드셔 보세요.
158,16322288,도두횟집,가지마세요.ㅜㅜ여긴 단골장사로 잘되는곳 늘 맛나게 먹음아 너무 맛있게 먹고 왔어요사장님도 친절하시고 용머리해안쪽 다금바리집 보다 훨씬 만족하고 왔습니다
159,8690519,황금어장,물회 시원하고 맛있었어요None맛있고  푸짐하고.친절한곳그러니 술맛또한  좋은곳맛은 좋은데 가격이......
160,24123446,대진 1호점,"정말 손님 눈탱이 치는 식당입니다5인이 가서 2명 3명 2테이블에 나눠서 앉으라해서 그렇게하고 인당 4만원해서 총 20만원짜리 주문했는데 나오는건 하나로 나와서 서로 나눠 먹어야하고 여자3, 남자2이 갔는데도 양이 적어서 정말 심하네요해산물 스끼다시 조금에 회 익힌 음식은 고구마 튀김에 매운탕으로 끝입니다제가 제주 살면서 많은 횟집을 다며봤는데 이렇게 눈탱이 치는 횟집은 정말 처음이네요더보기포장하러 갔는데 사장님이 추천도 잘해주시고 친절하게 잘 포장 해 주셨어요. 바가지 없이 고객에 맞춰서 회떠주셨습니다. 후기가 좋은 이유가 있네요~^^ 포장 하실때 봉지에 담아달라고 하세요. 종이가방은 젖어요 ㅜㅜ촌놈이라 회를 쌈에 싸서먹는데 일하시는분이 떨어지면 바로 추가해주셔서 너무 좋아요. 진짜 맛나게 잘먹었습니다. 게우젓, 김, 밥, 싸서드셔보세요 진짜 맛있어요.매운탕 지리도 ㅋㅋ 좋아요"
161,112280996,어머니와장독대흑돼지,"이 시국에 마스크 착용 안하는 곳. 손님한테 가기 직전에 쓰고, 돌아오면 벗어서 그 손으로 음식 준비하고 대충격"
162,8615206,해원횟집,가격대비 퀼리티 너무 별로임....반찬 구성도 만족스럽지 않고 이 가격이면 절대 여기 안올거같음 ㅜㅜㅜ 그리고 물회 진짜 노맛... 맛없음 물회는 절대 안먹는거 추천함...횟집 가격대비 퀄리티 최악 입니다.15만원짜리 모듬회서울 6만원짜리보다 못함.마치 사시미 떠 놓은듯 얇고 몇점 안됨.여행객 대상이라지만 너무했음.3박4일 제주도여행여기에서 확 깻음.더보기사장님 너무 친절하세요..감사합니다
163,1192355336,진돼지,"맛있어요!!ㅎㅎ 점심 좀 지난 2시쯤 갔었을때는 사람도 많지않고 편하기 먹기 딱 좋았고, 편하게 먹는데 맛까지 좋아서 더 좋았거요 두명이서 딱 2인분고기에 냉면까지 먹으니 적당히 배불렀어요!ㅎㅎ친구가 맛있다고 소개해줘서 갔었는데기대 이상으로 너무 맛있었어요! 진돼지는 흑돼지 못지 않게 정말 맛있었어요. 맛, 분위기, 서비스까지 매우 만족스러웠습니다. 이모 감사합니다!!반찬도 하나하나 다 맛있고 무엇보다 친절하셔서 기분좋게 먹고 나왔습니다. 다음에 또 들릴것 같아요 강추"
164,17882419,후니참치,숙소 근처에 있어서 가보았는데 차림상도 잘나오고 친절하셨어요! 양이 많구 방도 좋더라구요!깨끗하고 맛나게 잘 먹고 옵니다.우연찮게 찿은 참치집에서 좋은 친구들과 좋은 추억 쌓고 오네요.담에도 제주가게되면 또 들리려합니다.^^
165,8089885,천하일품,써비스 수준이 그날 그날 달라요. 여사장님이 오히려 써비스 불량ㅠㅠ
166,2047440964,징기스 이도점,"동네 맛집 웨이팅이 가끔 있을 정도로 맛있어요진짜 너무너무 맛있었어요!!첫번째 고기 한점을 소금에 찍어먹는순간바로 우와!!! 하고 놀랬어요! 단계별로 여러가지 조합으로 양념 찍어먹는것도 너무 맛있었고, 양고기 잡내 하나도 안났어요! 직원분들 다 친절하시고, 고기도 직접 구워주시니너무 편하고 고기맛도 잘 느낄수 있었어요!더보기후기보면 좋은글 많은데 나는 별루.두번째 왔는데 역시 실망"
167,10912458,해원앙,오랫만에 갔는데  기다리다 나왔네요 직원교육 시켜야할듯요 근래 이렇게 불친절한가게는 첨보내요다신 못가겠네요절대가지마세요 불친절 끝판대장 브레이크타임이라면서 먹고있는 사람 내쫓듯이 눈치 엄청줍니다여 사장님이 아주 친절하세요~ 자리 물회 처음 먹어봤는데 맛있네요! 돔배고기가 생각보다 맛있어서 깜놀!!
168,1754846295,흑돈가 제주본점,10월11일 저녁시간 일행6명이 방문을 했습니다3인씩  두 테이불을 잡고  각 3인분씩 주문을 했습니다  갖고온 흑돼지고기  너무 작아보였습니다  몇인분씩이냐고 물으니 3인분씩 두접시랍니다  육안으로 봐도 아니다 싶어  항의를 하니 1인분씩 더갖다주네요아무말 없으면 2인분을 3인분이라 여기고 멉었을껍니다  이런 얀팍한 상술이 지금도 있다는게 한심합니다내국인  제주관광에  바가지 느낌을 느끼게 하네요  다음부터는 절대로 고기 무게를 속이지 마세요  정직하고 양심껏 장사를 해야합니다더보기직원분 왜 화가 나있으신건지 들어가자마자 진짜 불친절해요.. 고기 봐주러 잘 오시지도 않고요. 비싼데 비싼만큼 맛있는건지도 모르겠고 찌개 따로 시켜야해서 따로 시켰는데 양도 적고 짜기만 했어요. 밑반찬도 그렇고 왜 유명한지 1도 모르겠는 곳
169,607772000,삼춘이야기 노형점,"고기 정말 맛있고, 밑반찬도 너무 맛있습니다. 사장님 직원 모두 친절하세요. :) 제주도 방문 할때마다 꼭 가는 곳 입니다.음식 맛있고 친절하고~ 훌륭한 식당! 추천!!밑반찬 중 게장 맛있다.양념갈비, 오겹살 주문해서 배부르게 먹고왔네요서비스로 돼지 껍데기도 주셔서 같이 맛있게 먹었어요~~밑반찬이 정갈하고 특히 열무김치 국물이랑 게장이 너무 맛있었어요!고기 먹는데 사장님이 오셔서 서비스로 찌개 나오니 필요하면 언제든 말씀해주시라고 먼저 말씀해주셔서 감사히 잘 먹었습니다^^메뉴판에 찌개 무료라고 적혀있어도 소심해서 말못하는 성격인데 신경써주시는 사장님의 친절한 마음에 감동했습니다⎝⎛♥‿♥⎞⎠사장님 친절하시고 직원분들도 친절하시고 너무 기분좋게 식사마쳤네요~~ 재방문 예정입니다~~더보기"
170,9620057,흑돼지가있는풍경 본점,가족들이랑 리뷰에 속지 않게 정말 괜찮은 집 열심히 찾아서 발견한 흑돼지집🐷🐷주차장 넓고 우선 직원분들이 일도 열심히 하시고 그 친절함에 너무 기분 좋게 먹구 감 오겹살도 맛있고 깔끔 위생적 다음 제주도 방문하면 무조건 또 올거임 이런 가게가 잘돼야햇🐖도민맛찝흑돼지 칼집이!!!^^
171,8341034,삼다도횟집 본점,해물전골 정말 맛집입니다..👍 점심 식사하러 갔을때도 회덮밥 먹었는데 끝장 나더라구요🥰 뷰맛집에 해산물 맛집입니다 반찬으로 나오는 간장게장이 별미입니다또 방문하고싶네요!NoneNoneNoneNone양념간장이나 먹지 간장게장은 비싼 데 가두 비린내나서 못 먹는데 삼다도 간장게장 불안하게 한입 씹었다가 리필했어요. 와 너무 맛있어서 한접시 혼자 흡입했네요. 회 이후에 지리탕두 나오고 날치알 전복내장볶음밥도 나오는데 배가 넘 부르고 술 취해서 못 찍었어요. 또 가고 싶다..  육지와서 전복 나오는 집 갔는데 짜증만 나네요.. 갈치 고등어 딱새우회도 설탕 뿌린것 처럼 달구 회는 돔 종류 4개 말씀해주시는데 그냥 먹느라 못 들었어요. 담에 또 갈거에요.더보기None저녁에는. 가지 마세요 뷰값이라고 하면 그냥 덜 나까운듯 싶은데 5명이서 뭔가 푸짐하게 먹은 느낌은 안들어서 아쉽네요 5명 한상 25만짜리 시켰습니다 튀김이라도 더 달라고 했는데 넘 바쁘셔서 그런지 한참 뒤에 다시 얘기하니 갖다주셨네요 단체손님이 많이 가시는거 같기도하고 좀 아쉬웠습니다
172,11547525,우진해장국,제주 갈때마다 꼭 필수로 갔습니다.맛이 변했네요. 실망했어요. 이제안갑니다.None일요일 오전 11시반 쯤 갔는데 1시간 조금 넘게 기다려서 먹게되었어요! 줄 서는덴 이유가 있나봐요 ㅎㅎ 맛있어요! 전 국밥류 국물류 다 안좋아하는데도 약간 죽 같기도하지만 고기가 얇게 찢어져 있어서 맛있게 먹었어요! 특히 여기 김치 짱 맛있네요! 부추김치 좋아하는데 여기 깍두기도 맛있고 반찬류 맛있어요! 웨이팅만 사악하지 않다면 제주도 올때마다 먹으러 올거 같아요 ㅎㅎ더보기NoneNoneNoneNone
173,170034856,참숯구이몬트락 제주본점,"고기 맛있어요. 안 맛있으면 안되요. 하지만 서울에서도 이정도맛은 많어요. 다른 부재료는 많지않고 정신이 없어요 고기 잘라는 줘요. 굽기만 하면 되요. 재방문의사는 없어요괜찮았어요None정말 꽝이네요!!! (좀전에 다녀왔습니다)설연휴 일요일이라 문닫은곳이 많아서저녁 8:53분에 전화하니 지금 운영중이나 11시 마감이라 9:50까지 오셔야한다하셨죠?숙소에서 15분거리여서 바로 갔습니다(고기 올려져있는 시간, 9:16분 보이시죠?)들어갈때부터 이미 모든 직원이 뒷정리 열심히 하시더니결국 저희가 식사중인 테이블 수저통에 수저를 채우고 휴지를 채워넣더라구요,,하밥먹는데 뭐하시나요? 홀도 넓은데 맨마지막에 해도되잖아요그리고 직원분이 고기는 직접 잘라준신다고뒤집기만 하래서 굽고있는데 오셔서는 자르고 펼치지는 않고 그냥 자르고만 가더라구요ㅋㅋ아니 잘라주는거 우리가 해달라한거 아니잖아요억지로 시킨것처럼 왜 그렇게 고기를 툭 두고 가시나요마지막으로 반찬 리필은 셀프바라면서요?추가로 고기 주문하고 냉면과 김치찌개 그리고 밥 시켜서 기다리는데 셀프바는 왜 정리하시나요손님한테 더 리필할거있는지 먼저 물어보시고 치우셔야죠? (김치찌개 받자마자 찍은 사진이 9시44분이네요)계산 끝나고 주차장 내려오니 9:57분이네요ㅋㅋ고기 구워먹는데 40분제 돈내고 이렇게 불편하게 밥먹은적 처음이네요고기먹어도 김치찌개,청국장,된장- 10,000원냉면- 다퍼지고 맛없음흑돼지 200g 22000원그냥제주돼지 200g 18000원더보기None"
174,1785457140,조선화로집 제주연북로점,돼지갈비 맛있네요~~ 밑반찬이 많고 맛있어요!내 평생 이런 대접 처음 받아본다가족 4명이 가서 13만어치 먹고 나왔는데 만족도 제로일단 처음에 가서 보석살 5인분 시켜 기달렸는데 조금 있다 나오는건 밑반찬 하나 없이 나오는건 딸랑 보석살 5인분~밑 반찬 안 나오냐고 물어보니 셀프란다 이런 ㅡㅡ 갑자기 생각 드는건 싸구리 무한리필 고기집이 생각난다 솔직히 무한리필집도 몇가지 기본 밑반찬 나오는데 이해할수가없다편히 먹으러 갔다가 앉자마자 반찬 때문에 5번정도 왔다갔다 ㅜㅜ중간에 직원인지 사장인지 일하는분께 예전에는 안 그랬는데 왜 그러냐고 물어보니 손님들 만족도가 셀프로 하는게 더 좋다고 한다  ㅎㅎ그 만족도는 지인 이나 단골한테 물어 본거 아닌지요?후기 1점 이라고 욕하기전에 다시 한번 생각해 보세요저희 가족 많이는 아니지만 1년에 3번 정도는 이용 했었습니다  하지만 이번 이후 부터는 다시 한번 생각해봐야 할듯 하네요혹시 이 생각은 안해봤나요?  50대 넘은분들이 이 가게를 찾았을때 반찬 때문에 왔다갔다 한다면 나이 드신분들은 두번 다시 안찾을 확률 높습니다고기맛이 있어도 서비스는 제로라 다음부터 안갈겁니다더보기고기에서 머리카락이 엉겨붙어서얘기했더니 안에다 얘기한다고만하고 죄송하다는 얘가는 안하고밥도같이 나와야하는데 고기다먹고나니 나오고암튼 다시는 가고 싶지 않은 식당더보기
175,1695750965,조마루 한림점,낫베드냉방 잘되어있어 여름에 쾌적하게 식사가능None
176,1923649936,춘월맛집,리뷰 조작하는집알아서 믿거 하세여. 사진 더있는데 비위상해서 삭제함
177,21455793,자매국수 본점,일단 여기 오면 대기는 필수라고 봐도 무방하고요...사람 엄청 많더라고요 ㅋㅋㅋ예써인가 미리 가기 전에 어플로 대기 하면 더 빨리 먹을 수 있어요!! 맛은 엄청 맛있어요 고기국수 이렇게 맛있는 집 처음봄대기는 핸드폰번호 등록하면 어플로 하고 식당은 항상 만석인듯 브레이크타임있었고 음식빠르게나옵니다돔베고기 괜찮았고 비빔국수는 좀 매웠네요대기안하고 먹으면 맛있다고 느껴질테지만 50분기다려서 먹은것치곤ㅋㅋ웃긴게 제주도에서 이정도면 가성비좋다고 느껴지더라구요더보기무난무난 웨이팅은 김!!!
178,1044749065,이가,"여행하다가 주변분들에게 고기집 추천 부탁드렸더니, 여기 추천해주셨어요~ 식당도 깔끔하고 반찬이나 고기도 맛깔쓰럽게 나와서 잘 먹다 갔어요~가을 끝자락에 여행오면 또 방문할께요~여행으로 왔는데 후회 없는 맛집이에요! 제주도에 놀러오는 친구들에게도 소개해줄 곳!"
179,966889788,영복갈비,달달한 갈비 맛있게 먹었지만냉면은 서비스였는데 면이 다 붙어 있어 별로였어요 차리리 돈주고 먹는 제대로 된 냉면이 낫을듯 싶어요직원분들은 친절하셨어요None냉면 곱빼기랑 보통 하나씩 주문곱빼기 사리는 다른 그릇에 담겨져 나와요.총 세 그릇으로 나오는데 곱빼기 사리가 불어서 맛없게 먹었어요.....담번엔 보통으로 먹고 부족하면 따로 주문할 예정어차피 추가 사리가 다른 그릇에 따로 나오니까그리고 냉면에 제공되는 반찬은 열무김치 하나뿐이전 후기돼지양념갈비 맛나요.뼈가 없는걸 보니 전지살 같아요.반찬들은 너무 싱거운편이라 아쉬워요.고기 1인분에 후식냉면 1인분씩 제공하는게 이 집의 전략임물냉 육수 단맛이 꽤 강하고 비냉은 양념맛이 강하지 않아 밸러스가 아쉬웠어요.(매콤했으면)허나 직접 뽑는 면이라 면이 넘나 맛있음여사장님 좀 무뚝뚝하고 무표정임직원들 싹싹함더보기지난번 매장에서 식사할 때 사장님은 90도로 인사하시고 굉장히 친절하셨는데 오늘 전화 받는 여직원 분은 굉장히 불친절하네요 양념갈비 포장할려고 전화했는데 개별포장 되어있으니 그냥 오면 된다고 말하신 후 대화가 끝나지도 않았는데 일방적으로 전화 끊어버리더군요 바쁜건 이해하지만 그렇다고해서 고객과의 대화가 끝나기도 전에 끊는건 상당히 경솔한 행동인걸 모르시진 않으실텐데 실망스럽네요더보기
180,1257724094,태하횟집,모듬회 진짜 푸짐하게 잘 나오고!! 스끼다시도 회도 최고!전반적으로 다 맛있었습니다. 뷰도 짱이고 엄청 친절하셨어요~~ 다음에 제주 오면 또 올게요!NoneNoneNoneNone지극히평범  이돈주고 안갑니다너무 맛있고 뷰도 너무 좋고 미쳤어요!!!무조건 모듬회!! 너무 잘먹고 가요!!!
181,1903159320,애담한우,오늘  처음왔는데  공항근처에  이런맛집이라니돌솥에  소고기  찰떡궁합  소고기도 2++ 맛있어요    사장님도  너무친절하고   주차장도 크고  너무 좋아요저희 엄마가 어떤 고기를 먹어도 고기 냄새 난다고 잘 안드셨는데 여기 차돌박이 진짜 좋아하셨어요 서울 온 지 며칠이 지났는데도 여기 차돌박이 너무 맛있었다고 또 먹고싶다고 그러시네요.. 주인아주머니도 너무 친절하시고 덕분에 제주도에서 마지막 식사 잘하고 갔습니다!
182,605027316,아일랜드본섬,행복초밥 포장(배민에도 있음)밥이 맛있고 가성비 좋아요주차장있는데 경사가 있어요장국은 꽝가성비 훌륭  친절함맛남초밥 대박깔끔한 일식 맛집입니다.
183,14491336,산지물 본점,스페셜코스 너무 맛있게 잘 먹었어요 ㅎㅎ 사장님 친절하시고 서비스 너무 좋았어요 ㅎㅎ  매운탕  국물이 시원하고 재료들 넘 좋은거 같아요 완전 깔끔하면서 잡내 없었어요 진짜 맛있게 잘 먹고 가요 다음에 재방문 100프로임돠 :)가족들이랑산지물스페셜코스요리로 먹었는데 끝도없이 나오는 음식보고 감탄이 절로 나왔어요~제주도에서 이곳 회가 제일 제일 신선해요 정말로!!!!! 진심 존맛입니다 쫄깃 탱탱 ❤❤❤ 술 종류도 다양하고 모듬물회 한치무침 갈치조림등등 다른 안주들도 다양하니깐 여럿이 오면 더 좋을 것 같아요여기 주변 사는 분들은 행운이시네요ㅜㅜ
184,7885885,버드나무집,"20분 기다렸는데 안 오길래 주문 누락 이냐고 하니까 그게 아니고 매생이 대신 해물로 들어갔어요 라고 하네요 그게 그거 아닌가요 ? 죄송하다는 말은 커녕 … 여기 치우는거 보니 반찬도 재탕하는거 같은데…저희 주문 잘 못 들어간 해물 칼국수 2인분은 저희 뒷자석 가족 4인 테이블에 재탕해서 섞어 들어 간거 같더라고요 처음왔을땐 정말 좋았는데 오면 올수록 실망만 늘어나는 .. 괜히 2인분 부터 주문 하라는 규칙을 만들어서 혼자 온 사람들 내쫓고 .. 그 사람들 보니 마음이 아프네요 배 부른거죠 뭐더보기해물 칼국수 국그릇 하나에 12,000원꼴중새우 1인 한마리, 씨알없는 바지락껍데기, 홍합조금, 절단게 몇게도대체 파전같이 얇은 면에 풀물맡은 국물뭐가 맛있는지?주차불편, 주문도 통일시켜라고 하고, 맛난건 김치 하나더라, 가성비×, 친절..6천원으로 오른 코코분식 칼국수가 백배 맛있다매운맛이나 제철인 겨울에 매생이 넣으면 조금낫다더보기비추천"
185,270585919,밭담,Amazing sushi and incredible service and atmosphere :)맛은 평범했습니다. 음식도 30분넘게 기다렸어요..ㅎ 그래도 서비스 주셔서 감사했고 사장님 두분다 친절하세요 매장은 깔끔하고 뷰좋네요맛도 뷰도 서비스도 조아요
186,1643919481,해미가,너무 맛있어서 울고 왔습니당 ㅎㅎ반찬도 푸짐하고 고등어 조림도 양이 많아서 진짜 배부르게 먹었어요. 공항이랑도 가까워서 추천합니다.별점이 좋아서 갔는데 그냥 보통이네요 갈치조림도 먹었는데 그냥 보통... 🤔 그냥 제 입맛에 맞지 않았던 건가? 🤔 갈치조림은 매콤한 편이었어요 직원분은 친절하셔요None
187,1124078977,동부산가든,"가격, 맛, 주차 좋아요!화력이 쎄서 손이 뜨거울 정도라 고기도 금방 구워지고 매우 맛있었어요!점심정식 갓성비가성비 좋습니다.갈비정식 먹었는데, 고기도 부드럽고추천 합니다"
188,170247012,대한축산정육식당 본점,주차시설 좋고 고기도 저렴.참숯사용으로 좋아요.너무 맛잇어요. 가격도 저렴한 편 입니다그냥 최고!  한번 가서 먹어보면 자꾸 가게됨정육식당인데 숯을 씀 무슨말을 더해 4인기준 상차림 만원
189,1851276377,황금손가락 삼화점,근처 스시집중에 제일 맛있어요!!본점보다 깨끗해서 좋음. 삼화지구 주변 초밥집 1티어여기 맘에 들었으...
190,197311955,풍원정인국수,양이 많음시설은  쾌적하고 직원은 친절하나 맛이 아쉽다.
